segment_index,start,end,duration,active_gateway_count,active_region_count,covered_region_count,active_weight,covered_weight,normalized_coverage
0,0.0,60.0,60.0,0,0,0,0.0,0.0,
1,60.0,120.0,60.0,0,0,0,0.0,0.0,
2,120.0,240.0,120.0,0,0,0,0.0,0.0,
3,240.0,300.0,60.0,0,0,0,0.0,0.0,
4,300.0,360.0,60.0,0,0,0,0.0,0.0,
5,360.0,430.729,70.72899999999998,0,0,0,0.0,0.0,
6,430.729,480.0,49.271000000000015,1,0,0,0.0,0.0,
7,480.0,540.0,60.0,1,1,1,0.25,0.25,1.0
8,540.0,600.0,60.0,1,0,0,0.0,0.0,
9,600.0,720.0,120.0,1,0,0,0.0,0.0,
10,720.0,780.0,60.0,1,0,0,0.0,0.0,
11,780.0,840.0,60.0,1,0,0,0.0,0.0,
12,840.0,900.0,60.0,1,0,0,0.0,0.0,
13,900.0,960.0,60.0,1,0,0,0.0,0.0,
14,960.0,1020.0,60.0,1,0,0,0.0,0.0,
15,1020.0,1080.0,60.0,1,0,0,0.0,0.0,
16,1080.0,1140.0,60.0,1,0,0,0.0,0.0,
17,1140.0,1200.0,60.0,1,0,0,0.0,0.0,
18,1200.0,1260.0,60.0,1,0,0,0.0,0.0,
19,1260.0,1320.0,60.0,1,0,0,0.0,0.0,
20,1320.0,1380.0,60.0,1,0,0,0.0,0.0,
21,1380.0,1432.198,52.19800000000009,1,0,0,0.0,0.0,
22,1432.198,1500.0,67.80199999999991,2,0,0,0.0,0.0,
23,1500.0,1560.0,60.0,2,0,0,0.0,0.0,
24,1560.0,1620.0,60.0,2,0,0,0.0,0.0,
25,1620.0,1680.0,60.0,2,0,0,0.0,0.0,
26,1680.0,1740.0,60.0,2,0,0,0.0,0.0,
27,1740.0,1800.0,60.0,2,0,0,0.0,0.0,
28,1800.0,1860.0,60.0,2,0,0,0.0,0.0,
29,1860.0,1980.0,120.0,2,0,0,0.0,0.0,
30,1980.0,2040.0,60.0,2,1,1,0.35,0.35,1.0
31,2040.0,2100.0,60.0,2,2,2,0.55,0.55,1.0
32,2100.0,2160.0,60.0,2,1,1,0.2,0.2,1.0
33,2160.0,2220.0,60.0,2,0,0,0.0,0.0,
34,2220.0,2280.0,60.0,2,0,0,0.0,0.0,
35,2280.0,2340.0,60.0,2,0,0,0.0,0.0,
36,2340.0,2400.0,60.0,2,0,0,0.0,0.0,
37,2400.0,2460.0,60.0,2,0,0,0.0,0.0,
38,2460.0,2520.0,60.0,2,0,0,0.0,0.0,
39,2520.0,2580.0,60.0,2,1,1,0.35,0.35,1.0
40,2580.0,2640.0,60.0,2,1,1,0.35,0.35,1.0
41,2640.0,2760.0,120.0,2,2,2,0.55,0.55,1.0
42,2760.0,2820.0,60.0,2,1,1,0.2,0.2,1.0
43,2820.0,2880.0,60.0,2,0,0,0.0,0.0,
44,2880.0,2940.0,60.0,2,0,0,0.0,0.0,
45,2940.0,3000.0,60.0,2,0,0,0.0,0.0,
46,3000.0,3060.0,60.0,2,0,0,0.0,0.0,
47,3060.0,3120.0,60.0,2,0,0,0.0,0.0,
48,3120.0,3240.0,120.0,2,1,1,0.35,0.35,1.0
49,3240.0,3300.0,60.0,2,2,2,0.55,0.55,1.0
50,3300.0,3360.0,60.0,2,2,2,0.55,0.55,1.0
51,3360.0,3420.0,60.0,2,1,1,0.2,0.2,1.0
52,3420.0,3480.0,60.0,2,1,1,0.2,0.2,1.0
53,3480.0,3540.0,60.0,2,0,0,0.0,0.0,
54,3540.0,3600.0,60.0,2,0,0,0.0,0.0,
55,3600.0,3660.0,60.0,2,0,0,0.0,0.0,
56,3660.0,3720.0,60.0,2,0,0,0.0,0.0,
57,3720.0,3780.0,60.0,2,1,1,0.35,0.35,1.0
58,3780.0,3840.0,60.0,2,1,1,0.35,0.35,1.0
59,3840.0,3900.0,60.0,2,2,2,0.55,0.55,1.0
60,3900.0,4020.0,120.0,2,2,2,0.55,0.55,1.0
61,4020.0,4080.0,60.0,2,1,1,0.2,0.2,1.0
62,4080.0,4140.0,60.0,2,0,0,0.0,0.0,
63,4140.0,4200.0,60.0,2,0,0,0.0,0.0,
64,4200.0,4260.0,60.0,2,0,0,0.0,0.0,
65,4260.0,4320.0,60.0,2,0,0,0.0,0.0,
66,4320.0,4380.0,60.0,2,0,0,0.0,0.0,
67,4380.0,4500.0,120.0,2,1,1,0.35,0.35,1.0
68,4500.0,4560.0,60.0,2,2,2,0.55,0.55,1.0
69,4560.0,4620.0,60.0,2,2,2,0.55,0.55,1.0
70,4620.0,4740.0,120.0,2,1,1,0.2,0.2,1.0
71,4740.0,4800.0,60.0,2,0,0,0.0,0.0,
72,4800.0,4860.0,60.0,2,0,0,0.0,0.0,
73,4860.0,4920.0,60.0,2,1,0,0.2,0.0,0.0
74,4920.0,4980.0,60.0,2,1,0,0.2,0.0,0.0
75,4980.0,5040.0,60.0,2,0,0,0.0,0.0,
76,5040.0,5100.0,60.0,2,1,1,0.35,0.35,1.0
77,5100.0,5160.0,60.0,2,2,1,0.55,0.35,0.6363636363636362
78,5160.0,5280.0,120.0,2,2,1,0.55,0.35,0.6363636363636362
79,5280.0,5340.0,60.0,2,1,0,0.2,0.0,0.0
80,5340.0,5400.0,60.0,2,0,0,0.0,0.0,
81,5400.0,5460.0,60.0,2,2,1,0.45,0.25,0.5555555555555556
82,5460.0,5520.0,60.0,2,2,1,0.45,0.25,0.5555555555555556
83,5520.0,5580.0,60.0,2,2,1,0.45,0.25,0.5555555555555556
84,5580.0,5640.0,60.0,2,1,0,0.2,0.0,0.0
85,5640.0,5700.0,60.0,2,0,0,0.0,0.0,
86,5700.0,5760.0,60.0,2,1,1,0.35,0.35,1.0
87,5760.0,5820.0,60.0,2,2,1,0.55,0.35,0.6363636363636362
88,5820.0,5852.174,32.17399999999998,2,1,0,0.2,0.0,0.0
89,5852.174,5880.0,27.826000000000022,1,1,0,0.2,0.0,0.0
90,5880.0,6000.0,120.0,1,0,0,0.0,0.0,
91,6000.0,6060.0,60.0,1,2,0,0.45,0.0,0.0
92,6060.0,6120.0,60.0,1,2,0,0.45,0.0,0.0
93,6120.0,6240.0,120.0,1,2,0,0.45,0.0,0.0
94,6240.0,6300.0,60.0,1,1,0,0.2,0.0,0.0
95,6300.0,6360.0,60.0,1,0,0,0.0,0.0,
96,6360.0,6480.0,120.0,1,0,0,0.0,0.0,
97,6480.0,6540.0,60.0,1,0,0,0.0,0.0,
98,6540.0,6600.0,60.0,1,0,0,0.0,0.0,
99,6600.0,6660.0,60.0,1,1,1,0.25,0.25,1.0
100,6660.0,6720.0,60.0,1,2,2,0.45,0.45,1.0
101,6720.0,6748.828,28.82800000000043,1,2,2,0.45,0.45,1.0
102,6748.828,6780.0,31.17199999999957,0,2,0,0.45,0.0,0.0
103,6780.0,6840.0,60.0,0,2,0,0.45,0.0,0.0
104,6840.0,6900.0,60.0,0,1,0,0.2,0.0,0.0
105,6900.0,6960.0,60.0,0,0,0,0.0,0.0,
106,6960.0,7020.0,60.0,0,0,0,0.0,0.0,
107,7020.0,7080.0,60.0,0,0,0,0.0,0.0,
108,7080.0,7140.0,60.0,0,0,0,0.0,0.0,
109,7140.0,7260.0,120.0,0,0,0,0.0,0.0,
110,7260.0,7320.0,60.0,0,2,0,0.45,0.0,0.0
111,7320.0,7380.0,60.0,0,2,0,0.45,0.0,0.0
112,7380.0,7388.736,8.735999999999876,0,2,0,0.45,0.0,0.0
113,7388.736,7500.0,111.26400000000012,1,2,2,0.45,0.45,1.0
114,7500.0,7560.0,60.0,1,1,1,0.2,0.2,1.0
115,7560.0,7620.0,60.0,1,0,0,0.0,0.0,
116,7620.0,7740.0,120.0,1,0,0,0.0,0.0,
117,7740.0,7800.0,60.0,1,0,0,0.0,0.0,
118,7800.0,7860.0,60.0,1,0,0,0.0,0.0,
119,7860.0,7920.0,60.0,1,1,1,0.25,0.25,1.0
120,7920.0,7980.0,60.0,1,2,2,0.45,0.45,1.0
121,7980.0,8021.305,41.30500000000029,1,2,2,0.45,0.45,1.0
122,8021.305,8040.0,18.69499999999971,2,2,2,0.45,0.45,1.0
123,8040.0,8100.0,60.0,2,2,2,0.45,0.45,1.0
124,8100.0,8160.0,60.0,2,1,1,0.2,0.2,1.0
125,8160.0,8220.0,60.0,2,0,0,0.0,0.0,
126,8220.0,8280.0,60.0,2,0,0,0.0,0.0,
127,8280.0,8340.0,60.0,2,0,0,0.0,0.0,
128,8340.0,8400.0,60.0,2,0,0,0.0,0.0,
129,8400.0,8460.0,60.0,2,0,0,0.0,0.0,
130,8460.0,8520.0,60.0,2,0,0,0.0,0.0,
131,8520.0,8580.0,60.0,2,1,1,0.25,0.25,1.0
132,8580.0,8640.0,60.0,2,2,2,0.45,0.45,1.0
133,8640.0,8760.0,120.0,2,2,2,0.45,0.45,1.0
134,8760.0,8820.0,60.0,2,0,0,0.0,0.0,
135,8820.0,8880.0,60.0,2,0,0,0.0,0.0,
136,8880.0,9000.0,120.0,2,0,0,0.0,0.0,
137,9000.0,9060.0,60.0,2,0,0,0.0,0.0,
138,9060.0,9120.0,60.0,2,0,0,0.0,0.0,
139,9120.0,9240.0,120.0,2,0,0,0.0,0.0,
140,9240.0,9300.0,60.0,2,0,0,0.0,0.0,
141,9300.0,9360.0,60.0,2,0,0,0.0,0.0,
142,9360.0,9420.0,60.0,2,0,0,0.0,0.0,
143,9420.0,9480.0,60.0,2,0,0,0.0,0.0,
144,9480.0,9540.0,60.0,2,0,0,0.0,0.0,
145,9540.0,9600.0,60.0,2,0,0,0.0,0.0,
146,9600.0,9660.0,60.0,2,0,0,0.0,0.0,
147,9660.0,9720.0,60.0,2,0,0,0.0,0.0,
148,9720.0,9780.0,60.0,2,0,0,0.0,0.0,
149,9780.0,9840.0,60.0,2,0,0,0.0,0.0,
150,9840.0,9900.0,60.0,2,0,0,0.0,0.0,
151,9900.0,10020.0,120.0,2,0,0,0.0,0.0,
152,10020.0,10080.0,60.0,2,0,0,0.0,0.0,
153,10080.0,10140.0,60.0,2,0,0,0.0,0.0,
154,10140.0,10260.0,120.0,2,0,0,0.0,0.0,
155,10260.0,10320.0,60.0,2,0,0,0.0,0.0,
156,10320.0,10380.0,60.0,2,0,0,0.0,0.0,
157,10380.0,10500.0,120.0,2,0,0,0.0,0.0,
158,10500.0,10560.0,60.0,2,0,0,0.0,0.0,
159,10560.0,10620.0,60.0,2,0,0,0.0,0.0,
160,10620.0,10740.0,120.0,2,0,0,0.0,0.0,
161,10740.0,10800.0,60.0,2,1,1,0.2,0.2,1.0
162,10800.0,10860.0,60.0,2,1,1,0.2,0.2,1.0
163,10860.0,10920.0,60.0,2,0,0,0.0,0.0,
164,10920.0,10980.0,60.0,2,0,0,0.0,0.0,
165,10980.0,11040.0,60.0,2,0,0,0.0,0.0,
166,11040.0,11100.0,60.0,2,0,0,0.0,0.0,
167,11100.0,11160.0,60.0,2,0,0,0.0,0.0,
168,11160.0,11280.0,120.0,2,0,0,0.0,0.0,
169,11280.0,11340.0,60.0,2,0,0,0.0,0.0,
170,11340.0,11400.0,60.0,2,1,1,0.2,0.2,1.0
171,11400.0,11520.0,120.0,2,1,1,0.2,0.2,1.0
172,11520.0,11580.0,60.0,2,0,0,0.0,0.0,
173,11580.0,11640.0,60.0,2,0,0,0.0,0.0,
174,11640.0,11760.0,120.0,2,0,0,0.0,0.0,
175,11760.0,11820.0,60.0,2,0,0,0.0,0.0,
176,11820.0,11880.0,60.0,2,0,0,0.0,0.0,
177,11880.0,12000.0,120.0,2,0,0,0.0,0.0,
178,12000.0,12060.0,60.0,2,1,1,0.2,0.2,1.0
179,12060.0,12120.0,60.0,2,1,1,0.2,0.2,1.0
180,12120.0,12180.0,60.0,2,1,1,0.2,0.2,1.0
181,12180.0,12240.0,60.0,2,0,0,0.0,0.0,
182,12240.0,12300.0,60.0,2,0,0,0.0,0.0,
183,12300.0,12360.0,60.0,2,0,0,0.0,0.0,
184,12360.0,12420.0,60.0,2,0,0,0.0,0.0,
185,12420.0,12480.0,60.0,2,0,0,0.0,0.0,
186,12480.0,12540.0,60.0,2,0,0,0.0,0.0,
187,12540.0,12600.0,60.0,2,1,0,0.2,0.0,0.0
188,12600.0,12660.0,60.0,2,1,0,0.2,0.0,0.0
189,12660.0,12780.0,120.0,2,1,0,0.2,0.0,0.0
190,12780.0,12820.177,40.17699999999968,2,0,0,0.0,0.0,
191,12820.177,12840.0,19.82300000000032,1,0,0,0.0,0.0,
192,12840.0,12900.0,60.0,1,0,0,0.0,0.0,
193,12900.0,13020.0,120.0,1,0,0,0.0,0.0,
194,13020.0,13080.0,60.0,1,1,0,0.35,0.0,0.0
195,13080.0,13140.0,60.0,1,1,0,0.35,0.0,0.0
196,13140.0,13260.0,120.0,1,0,0,0.0,0.0,
197,13260.0,13320.0,60.0,1,1,0,0.2,0.0,0.0
198,13320.0,13380.0,60.0,1,1,0,0.2,0.0,0.0
199,13380.0,13440.0,60.0,1,1,0,0.2,0.0,0.0
200,13440.0,13453.658,13.657999999999447,1,0,0,0.0,0.0,
201,13453.658,13500.0,46.34200000000055,0,0,0,0.0,0.0,
202,13500.0,13560.0,60.0,0,0,0,0.0,0.0,
203,13560.0,13620.0,60.0,0,1,0,0.2,0.0,0.0
204,13620.0,13680.0,60.0,0,2,0,0.55,0.0,0.0
205,13680.0,13740.0,60.0,0,1,0,0.35,0.0,0.0
206,13740.0,13800.0,60.0,0,1,0,0.35,0.0,0.0
207,13800.0,13860.0,60.0,0,1,0,0.2,0.0,0.0
208,13860.0,13864.685,4.684999999999491,0,1,0,0.2,0.0,0.0
209,13864.685,13920.0,55.31500000000051,1,1,1,0.2,0.2,1.0
210,13920.0,14040.0,120.0,1,1,1,0.2,0.2,1.0
211,14040.0,14100.0,60.0,1,0,0,0.0,0.0,
212,14100.0,14160.0,60.0,1,1,1,0.2,0.2,1.0
213,14160.0,14280.0,120.0,1,1,1,0.2,0.2,1.0
214,14280.0,14340.0,60.0,1,2,1,0.55,0.2,0.36363636363636365
215,14340.0,14400.0,60.0,1,1,0,0.35,0.0,0.0
216,14400.0,14520.0,120.0,1,1,0,0.35,0.0,0.0
217,14520.0,14580.0,60.0,1,1,1,0.2,0.2,1.0
218,14580.0,14640.0,60.0,1,1,1,0.2,0.2,1.0
219,14640.0,14700.0,60.0,1,0,0,0.0,0.0,
220,14700.0,14760.0,60.0,1,0,0,0.0,0.0,
221,14760.0,14820.0,60.0,1,1,1,0.2,0.2,1.0
222,14820.0,14880.0,60.0,1,2,1,0.55,0.2,0.36363636363636365
223,14880.0,14940.0,60.0,1,2,1,0.55,0.2,0.36363636363636365
224,14940.0,15000.0,60.0,1,2,1,0.55,0.2,0.36363636363636365
225,15000.0,15060.0,60.0,1,1,0,0.35,0.0,0.0
226,15060.0,15120.0,60.0,1,0,0,0.0,0.0,
227,15120.0,15180.0,60.0,1,0,0,0.0,0.0,
228,15180.0,15240.0,60.0,1,1,0,0.25,0.0,0.0
229,15240.0,15300.0,60.0,1,1,0,0.25,0.0,0.0
230,15300.0,15360.0,60.0,1,1,0,0.25,0.0,0.0
231,15360.0,15420.0,60.0,1,1,1,0.2,0.2,1.0
232,15420.0,15480.0,60.0,1,1,1,0.2,0.2,1.0
233,15480.0,15540.0,60.0,1,2,1,0.55,0.2,0.36363636363636365
234,15540.0,15600.0,60.0,1,2,1,0.55,0.2,0.36363636363636365
235,15600.0,15660.0,60.0,1,1,0,0.35,0.0,0.0
236,15660.0,15780.0,120.0,1,1,0,0.35,0.0,0.0
237,15780.0,15840.0,60.0,1,1,0,0.25,0.0,0.0
238,15840.0,15900.0,60.0,1,1,0,0.25,0.0,0.0
239,15900.0,16020.0,120.0,1,1,0,0.25,0.0,0.0
240,16020.0,16080.0,60.0,1,1,1,0.2,0.2,1.0
241,16080.0,16140.0,60.0,1,2,1,0.55,0.2,0.36363636363636365
242,16140.0,16200.0,60.0,1,2,1,0.55,0.2,0.36363636363636365
243,16200.0,16260.0,60.0,1,2,1,0.55,0.2,0.36363636363636365
244,16260.0,16320.0,60.0,1,1,0,0.35,0.0,0.0
245,16320.0,16380.0,60.0,1,0,0,0.0,0.0,
246,16380.0,16403.636,23.635999999998603,1,1,0,0.25,0.0,0.0
247,16403.636,16440.0,36.3640000000014,2,1,1,0.25,0.25,1.0
248,16440.0,16500.0,60.0,2,1,1,0.25,0.25,1.0
249,16500.0,16560.0,60.0,2,1,1,0.25,0.25,1.0
250,16560.0,16620.0,60.0,2,1,1,0.25,0.25,1.0
251,16620.0,16680.0,60.0,2,1,1,0.2,0.2,1.0
252,16680.0,16740.0,60.0,2,1,1,0.2,0.2,1.0
253,16740.0,16800.0,60.0,2,2,2,0.55,0.55,1.0
254,16800.0,16860.0,60.0,2,2,2,0.55,0.55,1.0
255,16860.0,16920.0,60.0,2,1,1,0.35,0.35,1.0
256,16920.0,17040.0,120.0,2,0,0,0.0,0.0,
257,17040.0,17100.0,60.0,2,1,1,0.25,0.25,1.0
258,17100.0,17160.0,60.0,2,1,1,0.25,0.25,1.0
259,17160.0,17280.0,120.0,2,1,1,0.25,0.25,1.0
260,17280.0,17340.0,60.0,2,1,1,0.2,0.2,1.0
261,17340.0,17400.0,60.0,2,1,1,0.2,0.2,1.0
262,17400.0,17460.0,60.0,2,1,1,0.2,0.2,1.0
263,17460.0,17520.0,60.0,2,0,0,0.0,0.0,
264,17520.0,17580.0,60.0,2,0,0,0.0,0.0,
265,17580.0,17640.0,60.0,2,0,0,0.0,0.0,
266,17640.0,17700.0,60.0,2,1,1,0.25,0.25,1.0
267,17700.0,17760.0,60.0,2,1,1,0.25,0.25,1.0
268,17760.0,17820.0,60.0,2,1,1,0.25,0.25,1.0
269,17820.0,17880.0,60.0,2,1,1,0.25,0.25,1.0
270,17880.0,17940.0,60.0,2,0,0,0.0,0.0,
271,17940.0,18000.0,60.0,2,0,0,0.0,0.0,
272,18000.0,18060.0,60.0,2,0,0,0.0,0.0,
273,18060.0,18120.0,60.0,2,0,0,0.0,0.0,
274,18120.0,18180.0,60.0,2,0,0,0.0,0.0,
275,18180.0,18240.0,60.0,2,0,0,0.0,0.0,
276,18240.0,18300.0,60.0,2,0,0,0.0,0.0,
277,18300.0,18360.0,60.0,2,1,1,0.25,0.25,1.0
278,18360.0,18420.0,60.0,2,1,1,0.25,0.25,1.0
279,18420.0,18540.0,120.0,2,1,1,0.25,0.25,1.0
280,18540.0,18600.0,60.0,2,0,0,0.0,0.0,
281,18600.0,18660.0,60.0,2,0,0,0.0,0.0,
282,18660.0,18780.0,120.0,2,0,0,0.0,0.0,
283,18780.0,18840.0,60.0,2,0,0,0.0,0.0,
284,18840.0,18900.0,60.0,2,0,0,0.0,0.0,
285,18900.0,18960.0,60.0,2,0,0,0.0,0.0,
286,18960.0,19020.0,60.0,2,0,0,0.0,0.0,
287,19020.0,19080.0,60.0,2,0,0,0.0,0.0,
288,19080.0,19140.0,60.0,2,0,0,0.0,0.0,
289,19140.0,19200.0,60.0,2,0,0,0.0,0.0,
290,19200.0,19260.0,60.0,2,0,0,0.0,0.0,
291,19260.0,19320.0,60.0,2,0,0,0.0,0.0,
292,19320.0,19380.0,60.0,2,0,0,0.0,0.0,
293,19380.0,19440.0,60.0,2,0,0,0.0,0.0,
294,19440.0,19500.0,60.0,2,1,1,0.2,0.2,1.0
295,19500.0,19560.0,60.0,2,1,1,0.2,0.2,1.0
296,19560.0,19564.472,4.472000000001572,2,1,1,0.2,0.2,1.0
297,19564.472,19620.0,55.52799999999843,1,1,1,0.2,0.2,1.0
298,19620.0,19680.0,60.0,1,0,0,0.0,0.0,
299,19680.0,19800.0,120.0,1,0,0,0.0,0.0,
300,19800.0,19860.0,60.0,1,0,0,0.0,0.0,
301,19860.0,19920.0,60.0,1,0,0,0.0,0.0,
302,19920.0,20040.0,120.0,1,0,0,0.0,0.0,
303,20040.0,20100.0,60.0,1,1,1,0.2,0.2,1.0
304,20100.0,20160.0,60.0,1,1,1,0.2,0.2,1.0
305,20160.0,20220.0,60.0,1,1,1,0.2,0.2,1.0
306,20220.0,20280.0,60.0,1,1,1,0.2,0.2,1.0
307,20280.0,20340.0,60.0,1,0,0,0.0,0.0,
308,20340.0,20400.0,60.0,1,0,0,0.0,0.0,
309,20400.0,20436.621,36.620999999999185,1,0,0,0.0,0.0,
310,20436.621,20460.0,23.379000000000815,2,0,0,0.0,0.0,
311,20460.0,20520.0,60.0,2,0,0,0.0,0.0,
312,20520.0,20580.0,60.0,2,0,0,0.0,0.0,
313,20580.0,20640.0,60.0,2,0,0,0.0,0.0,
314,20640.0,20700.0,60.0,2,1,1,0.2,0.2,1.0
315,20700.0,20760.0,60.0,2,1,1,0.2,0.2,1.0
316,20760.0,20820.0,60.0,2,1,1,0.2,0.2,1.0
317,20820.0,20880.0,60.0,2,1,1,0.2,0.2,1.0
318,20880.0,20940.0,60.0,2,0,0,0.0,0.0,
319,20940.0,21060.0,120.0,2,0,0,0.0,0.0,
320,21060.0,21120.0,60.0,2,0,0,0.0,0.0,
321,21120.0,21180.0,60.0,2,0,0,0.0,0.0,
322,21180.0,21300.0,120.0,2,0,0,0.0,0.0,
323,21300.0,21360.0,60.0,2,1,1,0.2,0.2,1.0
324,21360.0,21420.0,60.0,2,1,1,0.2,0.2,1.0
325,21420.0,21480.0,60.0,2,1,1,0.2,0.2,1.0
326,21480.0,21540.0,60.0,2,1,1,0.2,0.2,1.0
327,21540.0,21600.0,60.0,2,0,0,0.0,0.0,
328,21600.0,21660.0,60.0,2,0,0,0.0,0.0,
329,21660.0,21720.0,60.0,2,0,0,0.0,0.0,
330,21720.0,21780.0,60.0,2,1,1,0.35,0.35,1.0
331,21780.0,21840.0,60.0,2,1,1,0.35,0.35,1.0
332,21840.0,21900.0,60.0,2,0,0,0.0,0.0,
333,21900.0,21960.0,60.0,2,1,1,0.2,0.2,1.0
334,21960.0,22020.0,60.0,2,1,1,0.2,0.2,1.0
335,22020.0,22080.0,60.0,2,1,1,0.2,0.2,1.0
336,22080.0,22099.452,19.452000000001135,2,1,1,0.2,0.2,1.0
337,22099.452,22140.0,40.547999999998865,1,1,1,0.2,0.2,1.0
338,22140.0,22200.0,60.0,1,0,0,0.0,0.0,
339,22200.0,22320.0,120.0,1,0,0,0.0,0.0,
340,22320.0,22380.0,60.0,1,1,1,0.35,0.35,1.0
341,22380.0,22440.0,60.0,1,1,1,0.35,0.35,1.0
342,22440.0,22560.0,120.0,1,1,1,0.35,0.35,1.0
343,22560.0,22620.0,60.0,1,1,1,0.2,0.2,1.0
344,22620.0,22680.0,60.0,1,1,1,0.2,0.2,1.0
345,22680.0,22740.0,60.0,1,1,1,0.2,0.2,1.0
346,22740.0,22800.0,60.0,1,0,0,0.0,0.0,
347,22800.0,22860.0,60.0,1,0,0,0.0,0.0,
348,22860.0,22920.0,60.0,1,1,1,0.2,0.2,1.0
349,22920.0,22980.0,60.0,1,2,2,0.55,0.55,1.0
350,22980.0,23040.0,60.0,1,1,1,0.35,0.35,1.0
351,23040.0,23100.0,60.0,1,1,1,0.35,0.35,1.0
352,23100.0,23160.0,60.0,1,1,1,0.35,0.35,1.0
353,23160.0,23220.0,60.0,1,0,0,0.0,0.0,
354,23220.0,23280.0,60.0,1,1,0,0.2,0.0,0.0
355,23280.0,23340.0,60.0,1,1,0,0.2,0.0,0.0
356,23340.0,23382.413,42.413000000000466,1,0,0,0.0,0.0,
357,23382.413,23400.0,17.586999999999534,2,0,0,0.0,0.0,
358,23400.0,23460.0,60.0,2,0,0,0.0,0.0,
359,23460.0,23580.0,120.0,2,1,1,0.2,0.2,1.0
360,23580.0,23640.0,60.0,2,2,2,0.55,0.55,1.0
361,23640.0,23700.0,60.0,2,1,1,0.35,0.35,1.0
362,23700.0,23820.0,120.0,2,1,1,0.35,0.35,1.0
363,23820.0,23880.0,60.0,2,0,0,0.0,0.0,
364,23880.0,23940.0,60.0,2,1,1,0.25,0.25,1.0
365,23940.0,24000.0,60.0,2,1,1,0.25,0.25,1.0
366,24000.0,24060.0,60.0,2,1,1,0.25,0.25,1.0
367,24060.0,24120.0,60.0,2,1,1,0.2,0.2,1.0
368,24120.0,24180.0,60.0,2,1,1,0.2,0.2,1.0
369,24180.0,24240.0,60.0,2,2,2,0.55,0.55,1.0
370,24240.0,24300.0,60.0,2,2,2,0.55,0.55,1.0
371,24300.0,24360.0,60.0,2,1,1,0.35,0.35,1.0
372,24360.0,24420.0,60.0,2,1,1,0.35,0.35,1.0
373,24420.0,24480.0,60.0,2,0,0,0.0,0.0,
374,24480.0,24540.0,60.0,2,1,1,0.25,0.25,1.0
375,24540.0,24600.0,60.0,2,1,1,0.25,0.25,1.0
376,24600.0,24660.0,60.0,2,1,1,0.25,0.25,1.0
377,24660.0,24720.0,60.0,2,2,2,0.45,0.45,1.0
378,24720.0,24840.0,120.0,2,1,1,0.2,0.2,1.0
379,24840.0,24900.0,60.0,2,2,2,0.55,0.55,1.0
380,24900.0,24960.0,60.0,2,2,2,0.55,0.55,1.0
381,24960.0,25080.0,120.0,2,1,1,0.35,0.35,1.0
382,25080.0,25140.0,60.0,2,1,1,0.25,0.25,1.0
383,25140.0,25200.0,60.0,2,1,1,0.25,0.25,1.0
384,25200.0,25260.0,60.0,2,1,1,0.25,0.25,1.0
385,25260.0,25320.0,60.0,2,1,1,0.25,0.25,1.0
386,25320.0,25380.0,60.0,2,2,2,0.45,0.45,1.0
387,25380.0,25440.0,60.0,2,1,1,0.2,0.2,1.0
388,25440.0,25500.0,60.0,2,2,2,0.55,0.55,1.0
389,25500.0,25560.0,60.0,2,2,2,0.55,0.55,1.0
390,25560.0,25620.0,60.0,2,1,1,0.35,0.35,1.0
391,25620.0,25680.0,60.0,2,0,0,0.0,0.0,
392,25680.0,25719.773,39.77300000000105,2,0,0,0.0,0.0,
393,25719.773,25740.0,20.226999999998952,1,0,0,0.0,0.0,
394,25740.0,25800.0,60.0,1,1,0,0.25,0.0,0.0
395,25800.0,25860.0,60.0,1,1,0,0.25,0.0,0.0
396,25860.0,25920.0,60.0,1,1,0,0.25,0.0,0.0
397,25920.0,25980.0,60.0,1,2,0,0.45,0.0,0.0
398,25980.0,26100.0,120.0,1,1,0,0.2,0.0,0.0
399,26100.0,26160.0,60.0,1,1,0,0.2,0.0,0.0
400,26160.0,26220.0,60.0,1,0,0,0.0,0.0,
401,26220.0,26340.0,120.0,1,0,0,0.0,0.0,
402,26340.0,26400.0,60.0,1,0,0,0.0,0.0,
403,26400.0,26460.0,60.0,1,1,1,0.25,0.25,1.0
404,26460.0,26520.0,60.0,1,1,1,0.25,0.25,1.0
405,26520.0,26580.0,60.0,1,1,1,0.25,0.25,1.0
406,26580.0,26640.0,60.0,1,1,1,0.2,0.2,1.0
407,26640.0,26700.0,60.0,1,1,1,0.2,0.2,1.0
408,26700.0,26760.0,60.0,1,1,1,0.2,0.2,1.0
409,26760.0,26820.0,60.0,1,0,0,0.0,0.0,
410,26820.0,26880.0,60.0,1,0,0,0.0,0.0,
411,26880.0,26940.0,60.0,1,0,0,0.0,0.0,
412,26940.0,27000.0,60.0,1,0,0,0.0,0.0,
413,27000.0,27060.0,60.0,1,1,1,0.25,0.25,1.0
414,27060.0,27120.0,60.0,1,1,1,0.25,0.25,1.0
415,27120.0,27180.0,60.0,1,1,1,0.25,0.25,1.0
416,27180.0,27187.57,7.569999999999709,1,0,0,0.0,0.0,
417,27187.57,27240.0,52.43000000000029,2,0,0,0.0,0.0,
418,27240.0,27360.0,120.0,2,0,0,0.0,0.0,
419,27360.0,27420.0,60.0,2,0,0,0.0,0.0,
420,27420.0,27480.0,60.0,2,0,0,0.0,0.0,
421,27480.0,27600.0,120.0,2,0,0,0.0,0.0,
422,27600.0,27660.0,60.0,2,0,0,0.0,0.0,
423,27660.0,27720.0,60.0,2,0,0,0.0,0.0,
424,27720.0,27780.0,60.0,2,0,0,0.0,0.0,
425,27780.0,27840.0,60.0,2,0,0,0.0,0.0,
426,27840.0,27900.0,60.0,2,0,0,0.0,0.0,
427,27900.0,27960.0,60.0,2,0,0,0.0,0.0,
428,27960.0,28020.0,60.0,2,0,0,0.0,0.0,
429,28020.0,28080.0,60.0,2,0,0,0.0,0.0,
430,28080.0,28140.0,60.0,2,0,0,0.0,0.0,
431,28140.0,28200.0,60.0,2,0,0,0.0,0.0,
432,28200.0,28260.0,60.0,2,0,0,0.0,0.0,
433,28260.0,28320.0,60.0,2,0,0,0.0,0.0,
434,28320.0,28380.0,60.0,2,0,0,0.0,0.0,
435,28380.0,28440.0,60.0,2,0,0,0.0,0.0,
436,28440.0,28500.0,60.0,2,0,0,0.0,0.0,
437,28500.0,28620.0,120.0,2,0,0,0.0,0.0,
438,28620.0,28680.0,60.0,2,0,0,0.0,0.0,
439,28680.0,28740.0,60.0,2,0,0,0.0,0.0,
440,28740.0,28800.0,60.0,2,0,0,0.0,0.0,
441,28800.0,28860.0,60.0,2,0,0,0.0,0.0,
442,28860.0,28920.0,60.0,2,0,0,0.0,0.0,
443,28920.0,28980.0,60.0,2,0,0,0.0,0.0,
444,28980.0,29040.0,60.0,2,0,0,0.0,0.0,
445,29040.0,29071.33,31.330000000001746,2,0,0,0.0,0.0,
446,29071.33,29100.0,28.669999999998254,1,0,0,0.0,0.0,
447,29100.0,29160.0,60.0,1,0,0,0.0,0.0,
448,29160.0,29220.0,60.0,1,0,0,0.0,0.0,
449,29220.0,29280.0,60.0,1,0,0,0.0,0.0,
450,29280.0,29340.0,60.0,1,0,0,0.0,0.0,
451,29340.0,29400.0,60.0,1,0,0,0.0,0.0,
452,29400.0,29460.0,60.0,1,0,0,0.0,0.0,
453,29460.0,29580.0,120.0,1,0,0,0.0,0.0,
454,29580.0,29640.0,60.0,1,1,0,0.2,0.0,0.0
455,29640.0,29700.0,60.0,1,1,0,0.2,0.0,0.0
456,29700.0,29760.0,60.0,1,0,0,0.0,0.0,
457,29760.0,29880.0,120.0,1,0,0,0.0,0.0,
458,29880.0,29940.0,60.0,1,0,0,0.0,0.0,
459,29940.0,30000.0,60.0,1,0,0,0.0,0.0,
460,30000.0,30060.0,60.0,1,0,0,0.0,0.0,
461,30060.0,30120.0,60.0,1,0,0,0.0,0.0,
462,30120.0,30180.0,60.0,1,0,0,0.0,0.0,
463,30180.0,30240.0,60.0,1,1,1,0.2,0.2,1.0
464,30240.0,30300.0,60.0,1,1,1,0.2,0.2,1.0
465,30300.0,30360.0,60.0,1,1,1,0.2,0.2,1.0
466,30360.0,30420.0,60.0,1,0,0,0.0,0.0,
467,30420.0,30480.0,60.0,1,1,1,0.35,0.35,1.0
468,30480.0,30540.0,60.0,1,1,1,0.35,0.35,1.0
469,30540.0,30600.0,60.0,1,1,1,0.35,0.35,1.0
470,30600.0,30660.0,60.0,1,0,0,0.0,0.0,
471,30660.0,30720.0,60.0,1,0,0,0.0,0.0,
472,30720.0,30730.506,10.506000000001222,1,0,0,0.0,0.0,
473,30730.506,30840.0,109.49399999999878,2,0,0,0.0,0.0,
474,30840.0,30900.0,60.0,2,1,1,0.2,0.2,1.0
475,30900.0,30960.0,60.0,2,1,1,0.2,0.2,1.0
476,30960.0,31020.0,60.0,2,1,1,0.2,0.2,1.0
477,31020.0,31140.0,120.0,2,1,1,0.35,0.35,1.0
478,31140.0,31200.0,60.0,2,1,1,0.35,0.35,1.0
479,31200.0,31260.0,60.0,2,1,1,0.35,0.35,1.0
480,31260.0,31320.0,60.0,2,0,0,0.0,0.0,
481,31320.0,31380.0,60.0,2,0,0,0.0,0.0,
482,31380.0,31440.0,60.0,2,1,1,0.2,0.2,1.0
483,31440.0,31500.0,60.0,2,1,1,0.2,0.2,1.0
484,31500.0,31560.0,60.0,2,1,1,0.2,0.2,1.0
485,31560.0,31620.0,60.0,2,2,2,0.4,0.4,1.0
486,31620.0,31680.0,60.0,2,3,3,0.75,0.75,1.0
487,31680.0,31740.0,60.0,2,2,2,0.55,0.55,1.0
488,31740.0,31800.0,60.0,2,1,1,0.35,0.35,1.0
489,31800.0,31860.0,60.0,2,1,1,0.35,0.35,1.0
490,31860.0,31920.0,60.0,2,0,0,0.0,0.0,
491,31920.0,31980.0,60.0,2,0,0,0.0,0.0,
492,31980.0,32100.0,120.0,2,0,0,0.0,0.0,
493,32100.0,32160.0,60.0,2,1,1,0.2,0.2,1.0
494,32160.0,32220.0,60.0,2,2,2,0.4,0.4,1.0
495,32220.0,32340.0,120.0,2,2,2,0.4,0.4,1.0
496,32340.0,32400.0,60.0,2,2,2,0.55,0.55,1.0
497,32400.0,32460.0,60.0,2,1,1,0.35,0.35,1.0
498,32460.0,32520.0,60.0,2,1,1,0.35,0.35,1.0
499,32520.0,32580.0,60.0,2,0,0,0.0,0.0,
500,32580.0,32640.0,60.0,2,0,0,0.0,0.0,
501,32640.0,32700.0,60.0,2,1,1,0.25,0.25,1.0
502,32700.0,32760.0,60.0,2,2,1,0.45,0.25,0.5555555555555556
503,32760.0,32820.0,60.0,2,2,2,0.4,0.4,1.0
504,32820.0,32874.668,54.667999999997846,2,2,2,0.4,0.4,1.0
505,32874.668,32880.0,5.332000000002154,1,2,1,0.4,0.2,0.5
506,32880.0,32940.0,60.0,1,2,2,0.55,0.55,1.0
507,32940.0,33000.0,60.0,1,2,2,0.55,0.55,1.0
508,33000.0,33060.0,60.0,1,2,2,0.55,0.55,1.0
509,33060.0,33120.0,60.0,1,1,1,0.35,0.35,1.0
510,33120.0,33180.0,60.0,1,0,0,0.0,0.0,
511,33180.0,33240.0,60.0,1,1,1,0.25,0.25,1.0
512,33240.0,33360.0,120.0,1,1,1,0.25,0.25,1.0
513,33360.0,33420.0,60.0,1,3,3,0.65,0.65,1.0
514,33420.0,33480.0,60.0,1,2,2,0.4,0.4,1.0
515,33480.0,33600.0,120.0,1,1,1,0.2,0.2,1.0
516,33600.0,33660.0,60.0,1,2,2,0.55,0.55,1.0
517,33660.0,33720.0,60.0,1,1,1,0.35,0.35,1.0
518,33720.0,33780.0,60.0,1,0,0,0.0,0.0,
519,33780.0,33840.0,60.0,1,0,0,0.0,0.0,
520,33840.0,33900.0,60.0,1,1,1,0.25,0.25,1.0
521,33900.0,33960.0,60.0,1,1,1,0.25,0.25,1.0
522,33960.0,34020.0,60.0,1,1,1,0.25,0.25,1.0
523,34020.0,34080.0,60.0,1,2,2,0.45,0.45,1.0
524,34080.0,34140.0,60.0,1,1,1,0.2,0.2,1.0
525,34140.0,34161.892,21.891999999999825,1,1,1,0.2,0.2,1.0
526,34161.892,34200.0,38.108000000000175,2,1,1,0.2,0.2,1.0
527,34200.0,34260.0,60.0,2,2,2,0.55,0.55,1.0
528,34260.0,34320.0,60.0,2,1,1,0.35,0.35,1.0
529,34320.0,34380.0,60.0,2,0,0,0.0,0.0,
530,34380.0,34440.0,60.0,2,0,0,0.0,0.0,
531,34440.0,34500.0,60.0,2,1,1,0.25,0.25,1.0
532,34500.0,34620.0,120.0,2,1,1,0.25,0.25,1.0
533,34620.0,34680.0,60.0,2,1,1,0.25,0.25,1.0
534,34680.0,34740.0,60.0,2,1,1,0.2,0.2,1.0
535,34740.0,34860.0,120.0,2,1,1,0.2,0.2,1.0
536,34860.0,34920.0,60.0,2,0,0,0.0,0.0,
537,34920.0,34980.0,60.0,2,0,0,0.0,0.0,
538,34980.0,35040.0,60.0,2,0,0,0.0,0.0,
539,35040.0,35100.0,60.0,2,0,0,0.0,0.0,
540,35100.0,35160.0,60.0,2,1,1,0.25,0.25,1.0
541,35160.0,35220.0,60.0,2,1,1,0.25,0.25,1.0
542,35220.0,35280.0,60.0,2,1,1,0.25,0.25,1.0
543,35280.0,35340.0,60.0,2,0,0,0.0,0.0,
544,35340.0,35400.0,60.0,2,1,1,0.2,0.2,1.0
545,35400.0,35460.0,60.0,2,1,1,0.2,0.2,1.0
546,35460.0,35520.0,60.0,2,0,0,0.0,0.0,
547,35520.0,35580.0,60.0,2,0,0,0.0,0.0,
548,35580.0,35640.0,60.0,2,0,0,0.0,0.0,
549,35640.0,35700.0,60.0,2,0,0,0.0,0.0,
550,35700.0,35760.0,60.0,2,0,0,0.0,0.0,
551,35760.0,35880.0,120.0,2,1,1,0.25,0.25,1.0
552,35880.0,35940.0,60.0,2,0,0,0.0,0.0,
553,35940.0,36000.0,60.0,2,0,0,0.0,0.0,
554,36000.0,36120.0,120.0,2,0,0,0.0,0.0,
555,36120.0,36180.0,60.0,2,0,0,0.0,0.0,
556,36180.0,36240.0,60.0,2,0,0,0.0,0.0,
557,36240.0,36300.0,60.0,2,0,0,0.0,0.0,
558,36300.0,36303.985,3.985000000000582,2,0,0,0.0,0.0,
559,36303.985,36360.0,56.01499999999942,1,0,0,0.0,0.0,
560,36360.0,36420.0,60.0,1,0,0,0.0,0.0,
561,36420.0,36480.0,60.0,1,0,0,0.0,0.0,
562,36480.0,36540.0,60.0,1,0,0,0.0,0.0,
563,36540.0,36600.0,60.0,1,0,0,0.0,0.0,
564,36600.0,36660.0,60.0,1,0,0,0.0,0.0,
565,36660.0,36720.0,60.0,1,0,0,0.0,0.0,
566,36720.0,36780.0,60.0,1,0,0,0.0,0.0,
567,36780.0,36840.0,60.0,1,0,0,0.0,0.0,
568,36840.0,36900.0,60.0,1,0,0,0.0,0.0,
569,36900.0,36960.0,60.0,1,0,0,0.0,0.0,
570,36960.0,37020.0,60.0,1,0,0,0.0,0.0,
571,37020.0,37140.0,120.0,1,0,0,0.0,0.0,
572,37140.0,37200.0,60.0,1,0,0,0.0,0.0,
573,37200.0,37260.0,60.0,1,0,0,0.0,0.0,
574,37260.0,37380.0,120.0,1,0,0,0.0,0.0,
575,37380.0,37440.0,60.0,1,0,0,0.0,0.0,
576,37440.0,37500.0,60.0,1,0,0,0.0,0.0,
577,37500.0,37560.0,60.0,1,0,0,0.0,0.0,
578,37560.0,37620.0,60.0,1,0,0,0.0,0.0,
579,37620.0,37680.0,60.0,1,0,0,0.0,0.0,
580,37680.0,37705.356,25.355999999999767,1,0,0,0.0,0.0,
581,37705.356,37740.0,34.64400000000023,2,0,0,0.0,0.0,
582,37740.0,37800.0,60.0,2,0,0,0.0,0.0,
583,37800.0,37860.0,60.0,2,0,0,0.0,0.0,
584,37860.0,37920.0,60.0,2,0,0,0.0,0.0,
585,37920.0,37980.0,60.0,2,0,0,0.0,0.0,
586,37980.0,38040.0,60.0,2,0,0,0.0,0.0,
587,38040.0,38100.0,60.0,2,0,0,0.0,0.0,
588,38100.0,38160.0,60.0,2,0,0,0.0,0.0,
589,38160.0,38220.0,60.0,2,0,0,0.0,0.0,
590,38220.0,38280.0,60.0,2,0,0,0.0,0.0,
591,38280.0,38340.0,60.0,2,1,1,0.2,0.2,1.0
592,38340.0,38400.0,60.0,2,1,1,0.2,0.2,1.0
593,38400.0,38460.0,60.0,2,1,1,0.2,0.2,1.0
594,38460.0,38520.0,60.0,2,0,0,0.0,0.0,
595,38520.0,38640.0,120.0,2,0,0,0.0,0.0,
596,38640.0,38700.0,60.0,2,0,0,0.0,0.0,
597,38700.0,38760.0,60.0,2,0,0,0.0,0.0,
598,38760.0,38820.0,60.0,2,0,0,0.0,0.0,
599,38820.0,38880.0,60.0,2,0,0,0.0,0.0,
600,38880.0,38940.0,60.0,2,1,1,0.2,0.2,1.0
601,38940.0,39000.0,60.0,2,1,1,0.2,0.2,1.0
602,39000.0,39060.0,60.0,2,1,1,0.2,0.2,1.0
603,39060.0,39120.0,60.0,2,1,1,0.2,0.2,1.0
604,39120.0,39180.0,60.0,2,1,1,0.35,0.35,1.0
605,39180.0,39240.0,60.0,2,1,1,0.35,0.35,1.0
606,39240.0,39300.0,60.0,2,1,1,0.35,0.35,1.0
607,39300.0,39360.0,60.0,2,0,0,0.0,0.0,
608,39360.0,39420.0,60.0,2,0,0,0.0,0.0,
609,39420.0,39480.0,60.0,2,0,0,0.0,0.0,
610,39480.0,39540.0,60.0,2,1,1,0.2,0.2,1.0
611,39540.0,39600.0,60.0,2,1,1,0.2,0.2,1.0
612,39600.0,39660.0,60.0,2,1,1,0.2,0.2,1.0
613,39660.0,39720.0,60.0,2,1,1,0.2,0.2,1.0
614,39720.0,39780.0,60.0,2,1,1,0.35,0.35,1.0
615,39780.0,39848.604,68.60399999999936,2,1,1,0.35,0.35,1.0
616,39848.604,39900.0,51.39600000000064,1,1,1,0.35,0.35,1.0
617,39900.0,39960.0,60.0,1,1,1,0.35,0.35,1.0
618,39960.0,40020.0,60.0,1,0,0,0.0,0.0,
619,40020.0,40080.0,60.0,1,0,0,0.0,0.0,
620,40080.0,40140.0,60.0,1,0,0,0.0,0.0,
621,40140.0,40200.0,60.0,1,1,1,0.2,0.2,1.0
622,40200.0,40260.0,60.0,1,1,1,0.2,0.2,1.0
623,40260.0,40320.0,60.0,1,2,2,0.4,0.4,1.0
624,40320.0,40380.0,60.0,1,3,3,0.75,0.75,1.0
625,40380.0,40440.0,60.0,1,2,2,0.55,0.55,1.0
626,40440.0,40500.0,60.0,1,1,1,0.35,0.35,1.0
627,40500.0,40560.0,60.0,1,1,1,0.35,0.35,1.0
628,40560.0,40620.0,60.0,1,1,1,0.35,0.35,1.0
629,40620.0,40680.0,60.0,1,0,0,0.0,0.0,
630,40680.0,40740.0,60.0,1,0,0,0.0,0.0,
631,40740.0,40800.0,60.0,1,2,2,0.45,0.45,1.0
632,40800.0,40860.0,60.0,1,1,1,0.2,0.2,1.0
633,40860.0,40920.0,60.0,1,2,2,0.4,0.4,1.0
634,40920.0,40980.0,60.0,1,2,2,0.4,0.4,1.0
635,40980.0,41040.0,60.0,1,2,2,0.55,0.55,1.0
636,41040.0,41160.0,120.0,1,2,2,0.55,0.55,1.0
637,41160.0,41220.0,60.0,1,1,1,0.35,0.35,1.0
638,41220.0,41280.0,60.0,1,0,0,0.0,0.0,
639,41280.0,41340.0,60.0,1,0,0,0.0,0.0,
640,41340.0,41400.0,60.0,1,1,1,0.25,0.25,1.0
641,41400.0,41460.0,60.0,1,2,2,0.45,0.45,1.0
642,41460.0,41520.0,60.0,1,3,3,0.65,0.65,1.0
643,41520.0,41580.0,60.0,1,2,2,0.4,0.4,1.0
644,41580.0,41640.0,60.0,1,2,2,0.55,0.55,1.0
645,41640.0,41700.0,60.0,1,2,2,0.55,0.55,1.0
646,41700.0,41760.0,60.0,1,2,2,0.55,0.55,1.0
647,41760.0,41880.0,120.0,1,1,1,0.35,0.35,1.0
648,41880.0,41940.0,60.0,1,0,0,0.0,0.0,
649,41940.0,42000.0,60.0,1,1,1,0.25,0.25,1.0
650,42000.0,42060.0,60.0,1,1,1,0.25,0.25,1.0
651,42060.0,42120.0,60.0,1,2,2,0.45,0.45,1.0
652,42120.0,42180.0,60.0,1,3,3,0.65,0.65,1.0
653,42180.0,42240.0,60.0,1,1,1,0.2,0.2,1.0
654,42240.0,42300.0,60.0,1,2,2,0.55,0.55,1.0
655,42300.0,42360.0,60.0,1,2,2,0.55,0.55,1.0
656,42360.0,42420.0,60.0,1,1,1,0.35,0.35,1.0
657,42420.0,42480.0,60.0,1,0,0,0.0,0.0,
658,42480.0,42540.0,60.0,1,0,0,0.0,0.0,
659,42540.0,42600.0,60.0,1,1,1,0.25,0.25,1.0
660,42600.0,42660.0,60.0,1,1,1,0.25,0.25,1.0
661,42660.0,42720.0,60.0,1,1,1,0.25,0.25,1.0
662,42720.0,42780.0,60.0,1,2,2,0.45,0.45,1.0
663,42780.0,42840.0,60.0,1,1,1,0.2,0.2,1.0
664,42840.0,42900.0,60.0,1,1,1,0.2,0.2,1.0
665,42900.0,42960.0,60.0,1,2,2,0.55,0.55,1.0
666,42960.0,43020.0,60.0,1,2,2,0.55,0.55,1.0
667,43020.0,43140.0,120.0,1,0,0,0.0,0.0,
668,43140.0,43200.0,60.0,1,1,1,0.25,0.25,1.0
