segment_index,start,end,duration,active_task_count,demand_req,cross_demand_req,required_cross_link_count,cross_link_count,cross_capacity,cross_supply,cross_rate_used,cross_data_used,eta_cap_shortfall,zero_cross_req,zero_cross_demand,eta0_indicator
0,0.0,60.0,60.0,0,0,0,0,0,0.0,0.0,0,0.0,0.0,0,0,0
1,60.0,120.0,60.0,0,0,0,0,0,0.0,0.0,0,0.0,0.0,0,0,0
2,120.0,240.0,120.0,0,0,0,0,0,0.0,0.0,0,0.0,0.0,0,0,0
3,240.0,300.0,60.0,0,0,0,0,0,0.0,0.0,0,0.0,0.0,0,0,0
4,300.0,360.0,60.0,0,0,0,0,0,0.0,0.0,0,0.0,0.0,0,0,0
5,360.0,480.0,120.0,0,0,0,0,0,0.0,0.0,0,0.0,0.0,0,0,0
6,480.0,540.0,60.0,0,0,0,0,0,0.0,0.0,0,0.0,0.0,0,0,0
7,540.0,600.0,60.0,0,0,0,0,0,0.0,0.0,0,0.0,0.0,0,0,0
8,600.0,720.0,120.0,0,0,0,0,0,0.0,0.0,0,0.0,0.0,0,0,0
9,720.0,780.0,60.0,0,0,0,0,0,0.0,0.0,0,0.0,0.0,0,0,0
10,780.0,840.0,60.0,0,0,0,0,0,0.0,0.0,0,0.0,0.0,0,0,0
11,840.0,900.0,60.0,0,0,0,0,0,0.0,0.0,0,0.0,0.0,0,0,0
12,900.0,960.0,60.0,1,146.2,146.2,1,0,0.0,0.0,0,0.0,146.2,1,1,1
13,960.0,1020.0,60.0,1,148.63666666666666,148.63666666666666,1,0,0.0,0.0,0,0.0,148.63666666666666,1,1,1
14,1020.0,1080.0,60.0,1,151.15593220338982,151.15593220338982,1,0,0.0,0.0,0,0.0,151.15593220338982,1,1,1
15,1080.0,1140.0,60.0,1,153.76206896551724,153.76206896551724,1,0,0.0,0.0,0,0.0,153.76206896551724,1,1,1
16,1140.0,1200.0,60.0,1,156.459649122807,156.459649122807,1,0,0.0,0.0,0,0.0,156.459649122807,1,1,1
17,1200.0,1260.0,60.0,1,159.25357142857143,159.25357142857143,1,0,0.0,0.0,0,0.0,159.25357142857143,1,1,1
18,1260.0,1320.0,60.0,1,162.14909090909092,162.14909090909092,1,0,0.0,0.0,0,0.0,162.14909090909092,1,1,1
19,1320.0,1380.0,60.0,2,307.15185185185186,307.15185185185186,1,0,0.0,0.0,0,0.0,307.15185185185186,1,1,1
20,1380.0,1432.198,52.19800000000009,2,312.4866745283019,312.4866745283019,1,0,0.0,0.0,0,0.0,312.4866745283019,1,1,1
21,1432.198,1500.0,67.80199999999991,2,317.2822102651338,317.2822102651338,1,1,800.0,800.0,576.4,39081.07279999995,0.0,0,0,0
22,1500.0,1560.0,60.0,3,481.18249491039427,481.18249491039427,1,1,800.0,800.0,800.0,48000.0,0.0,0,0,0
23,1560.0,1620.0,60.0,3,474.82983209019744,474.82983209019744,1,1,800.0,800.0,800.0,48000.0,0.0,0,0,0
24,1620.0,1680.0,60.0,3,468.21809569161,468.21809569161,1,1,800.0,800.0,800.0,48000.0,0.0,0,0,0
25,1680.0,1740.0,60.0,3,461.33106608135995,461.33106608135995,1,1,800.0,800.0,800.0,48000.0,0.0,0,0,0
26,1740.0,1800.0,60.0,3,454.15113777919555,454.15113777919555,1,1,800.0,800.0,800.0,48000.0,0.0,0,0,0
27,1800.0,1860.0,60.0,3,446.65916792779046,446.65916792779046,1,1,800.0,800.0,800.0,48000.0,0.0,0,0,0
28,1860.0,1920.0,60.0,3,438.8343044030784,438.8343044030784,1,1,800.0,800.0,800.0,48000.0,0.0,0,0,0
29,1920.0,1980.0,60.0,4,555.4537902959831,555.4537902959831,1,1,800.0,800.0,800.0,48000.0,0.0,0,0,0
30,1980.0,2040.0,60.0,4,549.0079951191224,549.0079951191224,1,1,800.0,800.0,800.0,48000.0,0.0,0,0,0
31,2040.0,2100.0,60.0,4,542.8601945219267,542.8601945219267,1,1,800.0,800.0,800.0,48000.0,0.0,0,0,0
32,2100.0,2160.0,60.0,5,656.4080181633258,656.4080181633258,1,1,800.0,800.0,800.0,48000.0,0.0,0,0,0
33,2160.0,2220.0,60.0,5,651.3427667262084,651.3427667262084,1,1,800.0,800.0,800.0,48000.0,0.0,0,0,0
34,2220.0,2280.0,60.0,5,645.9744956003549,645.9744956003549,1,1,800.0,800.0,800.0,48000.0,0.0,0,0,0
35,2280.0,2340.0,60.0,5,640.2773741932506,640.2773741932506,1,1,800.0,800.0,800.0,48000.0,0.0,0,0,0
36,2340.0,2400.0,60.0,5,634.222666756186,634.222666756186,1,1,800.0,800.0,800.0,48000.0,0.0,0,0,0
37,2400.0,2460.0,60.0,5,627.6873680360853,627.6873680360853,1,1,800.0,800.0,800.0,48000.0,0.0,0,0,0
38,2460.0,2520.0,60.0,5,620.8121792493747,620.8121792493747,1,1,800.0,800.0,800.0,48000.0,0.0,0,0,0
39,2520.0,2580.0,60.0,6,748.770788167954,748.770788167954,1,1,800.0,800.0,800.0,48000.0,0.0,0,0,0
40,2580.0,2640.0,60.0,6,743.3148986373944,743.3148986373944,1,1,800.0,800.0,800.0,48000.0,0.0,0,0,0
41,2640.0,2700.0,60.0,6,737.4923628520397,737.4923628520397,1,1,800.0,800.0,800.0,48000.0,0.0,0,0,0
42,2700.0,2760.0,60.0,7,840.348411198761,840.348411198761,2,1,800.0,800.0,800.0,48000.0,40.34841119876103,0,0,0
43,2760.0,2820.0,60.0,7,834.8051326006109,834.8051326006109,2,1,800.0,800.0,800.0,48000.0,34.80513260061093,0,0,0
44,2820.0,2880.0,60.0,7,828.505453207815,828.505453207815,2,1,800.0,800.0,800.0,48000.0,28.50545320781498,0,0,0
45,2880.0,2940.0,60.0,7,821.6428896212144,821.6428896212144,2,1,800.0,800.0,800.0,48000.0,21.642889621214408,0,0,0
46,2940.0,2960.863,20.86299999999983,7,813.994732578028,813.994732578028,2,1,800.0,800.0,800.0,16690.399999999863,13.994732578027993,0,0,0
47,2960.863,3000.0,39.13700000000017,7,811.1323299321531,811.1323299321531,2,2,1600.0,1600.0,1600.0,62619.20000000027,0.0,0,0,0
48,3000.0,3060.0,60.0,7,793.0620779385314,793.0620779385314,1,2,1600.0,1600.0,1600.0,96000.0,0.0,0,0,0
49,3060.0,3120.0,60.0,7,763.6160675036136,763.6160675036136,1,2,1600.0,1600.0,1600.0,96000.0,0.0,0,0,0
50,3120.0,3240.0,120.0,8,833.9102370666405,833.9102370666405,2,2,1600.0,1600.0,1600.0,192000.0,0.0,0,0,0
51,3240.0,3300.0,60.0,8,764.8746492350849,764.8746492350849,1,2,1600.0,1600.0,1600.0,96000.0,0.0,0,0,0
52,3300.0,3360.0,60.0,8,825.5430274135795,825.5430274135795,2,2,1600.0,1600.0,1600.0,96000.0,0.0,0,0,0
53,3360.0,3420.0,60.0,7,802.1928122974564,802.1928122974564,2,2,1600.0,1600.0,1524.7,91482.0,0.0,0,0,0
54,3420.0,3480.0,60.0,7,784.4386360554192,784.4386360554192,1,2,1600.0,1600.0,1524.7,91482.0,0.0,0,0,0
55,3480.0,3540.0,60.0,7,765.6898281965443,765.6898281965443,1,2,1600.0,1600.0,1524.7,91482.0,0.0,0,0,0
56,3540.0,3600.0,60.0,7,745.8538977179278,745.8538977179278,1,2,1600.0,1600.0,1398.0705333333347,83884.23200000008,0.0,0,0,0
57,3600.0,3660.0,60.0,6,729.2423554756263,729.2423554756263,1,2,1600.0,1600.0,1283.0,76980.0,0.0,0,0,0
58,3660.0,3720.0,60.0,6,717.340647070208,717.340647070208,1,2,1600.0,1600.0,1283.0,76980.0,0.0,0,0,0
59,3720.0,3780.0,60.0,7,786.7571033445165,786.7571033445165,1,2,1600.0,1600.0,1430.4,85824.0,0.0,0,0,0
60,3780.0,3840.0,60.0,7,772.8148838695053,772.8148838695053,1,2,1600.0,1600.0,1417.9,85074.0,0.0,0,0,0
61,3840.0,3900.0,60.0,7,758.3286499375785,758.3286499375785,1,2,1600.0,1600.0,1417.9,85074.0,0.0,0,0,0
62,3900.0,4020.0,120.0,8,863.081381237138,863.081381237138,2,2,1600.0,1600.0,1583.6,190032.0,0.0,0,0,0
63,4020.0,4080.0,60.0,8,829.8043114125871,829.8043114125871,2,2,1600.0,1600.0,1583.6,95016.0,0.0,0,0,0
64,4080.0,4140.0,60.0,8,811.73020659222,811.73020659222,2,2,1600.0,1600.0,1583.6,95016.0,0.0,0,0,0
65,4140.0,4200.0,60.0,8,792.5692596942797,792.5692596942797,1,2,1600.0,1600.0,1583.6,95016.0,0.0,0,0,0
66,4200.0,4260.0,60.0,8,772.205564699516,772.205564699516,1,2,1600.0,1600.0,1583.6,95016.0,0.0,0,0,0
67,4260.0,4320.0,60.0,8,750.5046522138385,750.5046522138385,1,2,1600.0,1600.0,1583.6,95016.0,0.0,0,0,0
68,4320.0,4380.0,60.0,9,831.8094170880659,831.8094170880659,2,2,1600.0,1600.0,1600.0,96000.0,0.0,0,0,0
69,4380.0,4500.0,120.0,9,809.2165260968748,809.2165260968748,2,2,1600.0,1600.0,1600.0,192000.0,0.0,0,0,0
70,4500.0,4560.0,60.0,9,757.9313856928337,757.9313856928337,1,2,1600.0,1600.0,1600.0,96000.0,0.0,0,0,0
71,4560.0,4620.0,60.0,9,728.7190374497027,728.7190374497027,1,2,1600.0,1600.0,1600.0,96000.0,0.0,0,0,0
72,4620.0,4740.0,120.0,9,697.2011229776236,697.2011229776236,1,2,1600.0,1600.0,1600.0,192000.0,0.0,0,0,0
73,4740.0,4800.0,60.0,9,629.4150892362245,629.4150892362245,1,2,1600.0,1600.0,1600.0,96000.0,0.0,0,0,0
74,4800.0,4860.0,60.0,8,595.6701111850357,595.6701111850357,1,2,1600.0,1600.0,1595.0436216666665,95702.61729999998,0.0,0,0,0
75,4860.0,4920.0,60.0,7,560.3462174344946,560.3462174344946,1,2,1600.0,1600.0,1374.6999999999998,82482.0,0.0,0,0,0
76,4920.0,4980.0,60.0,7,542.4608045425306,542.4608045425306,1,2,1600.0,1600.0,1374.6999999999998,82482.0,0.0,0,0,0
77,4980.0,5040.0,60.0,7,523.5585098349993,523.5585098349993,1,2,1600.0,1600.0,1374.6999999999998,82482.0,0.0,0,0,0
78,5040.0,5100.0,60.0,7,503.53117397736145,503.53117397736145,1,2,1600.0,1600.0,1374.6999999999998,82482.0,0.0,0,0,0
79,5100.0,5160.0,60.0,7,482.2526051667985,482.2526051667985,1,2,1600.0,1600.0,1374.6999999999998,82482.0,0.0,0,0,0
80,5160.0,5220.0,60.0,7,459.5743675086822,459.5743675086822,1,2,1600.0,1600.0,1374.6999999999998,82482.0,0.0,0,0,0
81,5220.0,5280.0,60.0,7,435.32028365108573,435.32028365108573,1,2,1600.0,1600.0,1284.9319349999996,77095.91609999997,0.0,0,0,0
82,5280.0,5340.0,60.0,6,414.2662745778451,414.2662745778451,1,2,1600.0,1600.0,1146.7,68802.0,0.0,0,0,0
83,5340.0,5400.0,60.0,6,399.88725117943574,399.88725117943574,1,2,1600.0,1600.0,1146.7,68802.0,0.0,0,0,0
84,5400.0,5460.0,60.0,6,384.86421726023246,384.86421726023246,1,2,1600.0,1600.0,1146.7,68802.0,0.0,0,0,0
85,5460.0,5520.0,60.0,6,369.14894702659024,369.14894702659024,1,2,1600.0,1600.0,1146.7,68802.0,0.0,0,0,0
86,5520.0,5580.0,60.0,6,352.6879744298423,352.6879744298423,1,2,1600.0,1600.0,1146.7,68802.0,0.0,0,0,0
87,5580.0,5640.0,60.0,6,335.4218326506487,335.4218326506487,1,2,1600.0,1600.0,1146.7,68802.0,0.0,0,0,0
88,5640.0,5700.0,60.0,6,317.28415375908673,317.28415375908673,1,2,1600.0,1600.0,1146.7,68802.0,0.0,0,0,0
89,5700.0,5760.0,60.0,6,298.2005971168494,298.2005971168494,1,2,1600.0,1600.0,1146.7,68802.0,0.0,0,0,0
90,5760.0,5820.0,60.0,6,278.0875666580663,278.0875666580663,1,2,1600.0,1600.0,1002.9483300000002,60176.899800000014,0.0,0,0,0
91,5820.0,5880.0,60.0,5,261.9846543204868,261.9846543204868,1,2,1600.0,1600.0,939.1999999999999,56352.0,0.0,0,0,0
92,5880.0,6000.0,120.0,5,247.3921476045099,247.3921476045099,1,2,1600.0,1600.0,939.1999999999999,112704.0,0.0,0,0,0
93,6000.0,6060.0,60.0,5,215.89851979362098,215.89851979362098,1,2,1600.0,1600.0,939.1999999999999,56352.0,0.0,0,0,0
94,6060.0,6120.0,60.0,5,198.85406193917493,198.85406193917493,1,2,1600.0,1600.0,781.4,46884.0,0.0,0,0,0
95,6120.0,6240.0,120.0,4,187.40700202380947,187.40700202380947,1,2,1600.0,1600.0,769.5,92340.0,0.0,0,0,0
96,6240.0,6300.0,60.0,4,164.0389991183823,164.0389991183823,1,2,1600.0,1600.0,769.5,46170.0,0.0,0,0,0
97,6300.0,6360.0,60.0,4,151.57449382239378,151.57449382239378,1,2,1600.0,1600.0,769.5,46170.0,0.0,0,0,0
98,6360.0,6480.0,120.0,4,138.538862912578,138.538862912578,1,2,1600.0,1600.0,625.7391266666663,75088.69519999996,0.0,0,0,0
99,6480.0,6540.0,60.0,3,119.03364408863969,119.03364408863969,1,2,1600.0,1600.0,585.9,35154.0,0.0,0,0,0
100,6540.0,6600.0,60.0,3,109.82649393623116,109.82649393623116,1,2,1600.0,1600.0,585.9,35154.0,0.0,0,0,0
101,6600.0,6660.0,60.0,3,100.20861591540401,100.20861591540401,1,2,1600.0,1600.0,585.9,35154.0,0.0,0,0,0
102,6660.0,6720.0,60.0,3,90.1487958210914,90.1487958210914,1,2,1600.0,1600.0,585.9,35154.0,0.0,0,0,0
103,6720.0,6748.828,28.82800000000043,3,79.61226816831383,79.61226816831383,1,2,1600.0,1600.0,585.9,16890.325200000254,0.0,0,0,0
104,6748.828,6780.0,31.17199999999957,3,74.36901595781043,74.36901595781043,1,1,800.0,800.0,585.9,18263.674799999746,0.0,0,0,0
105,6780.0,6840.0,60.0,3,68.560160445162,68.560160445162,1,1,800.0,800.0,585.9,35154.0,0.0,0,0,0
106,6840.0,6900.0,60.0,3,56.948824775910325,56.948824775910325,1,1,800.0,800.0,585.9,35154.0,0.0,0,0,0
107,6900.0,6960.0,60.0,2,44.72902870462499,44.72902870462499,1,1,800.0,800.0,213.5494466666656,12812.966799999936,0.0,0,0,0
108,6960.0,7020.0,60.0,1,41.833333333333336,41.833333333333336,1,1,800.0,800.0,198.5,11910.0,0.0,0,0,0
109,7020.0,7080.0,60.0,1,39.42307692307692,39.42307692307692,1,1,800.0,800.0,198.5,11910.0,0.0,0,0,0
110,7080.0,7140.0,60.0,1,36.9375,36.9375,1,1,800.0,800.0,198.5,11910.0,0.0,0,0,0
111,7140.0,7260.0,120.0,1,34.37301587301587,34.37301587301587,1,1,800.0,800.0,198.5,23820.0,0.0,0,0,0
112,7260.0,7320.0,60.0,1,28.991803278688526,28.991803278688526,1,1,800.0,800.0,198.5,11910.0,0.0,0,0,0
113,7320.0,7380.0,60.0,1,26.166666666666668,26.166666666666668,1,1,800.0,800.0,198.5,11910.0,0.0,0,0,0
114,7380.0,7500.0,120.0,1,23.24576271186441,23.24576271186441,1,1,800.0,800.0,198.5,23820.0,0.0,0,0,0
115,7500.0,7560.0,60.0,1,17.096491228070175,17.096491228070175,1,1,800.0,800.0,198.5,11910.0,0.0,0,0,0
116,7560.0,7620.0,60.0,1,13.857142857142858,13.857142857142858,1,1,800.0,800.0,198.5,11910.0,0.0,0,0,0
117,7620.0,7740.0,120.0,1,10.5,10.5,1,1,800.0,800.0,198.5,23820.0,0.0,0,0,0
118,7740.0,7800.0,60.0,1,3.4056603773584904,3.4056603773584904,1,1,800.0,800.0,180.5,10830.0,0.0,0,0,0
119,7800.0,7860.0,60.0,0,0,0,0,1,800.0,800.0,0.0,0.0,0.0,0,0,0
120,7860.0,7880.732,20.73199999999997,0,0,0,0,1,800.0,800.0,0.0,0.0,0.0,0,0,0
121,7880.732,7920.0,39.26800000000003,0,0,0,0,2,1600.0,1600.0,0.0,0.0,0.0,0,0,0
122,7920.0,7980.0,60.0,0,0,0,0,2,1600.0,1600.0,0.0,0.0,0.0,0,0,0
123,7980.0,8021.305,41.30500000000029,0,0,0,0,2,1600.0,1600.0,0.0,0.0,0.0,0,0,0
124,8021.305,8040.0,18.69499999999971,0,0,0,0,3,2400.0,2400.0,0.0,0.0,0.0,0,0,0
125,8040.0,8100.0,60.0,0,0,0,0,3,2400.0,2400.0,0.0,0.0,0.0,0,0,0
126,8100.0,8160.0,60.0,1,153.6,153.6,1,3,2400.0,2400.0,307.2,18432.0,0.0,0,0,0
127,8160.0,8220.0,60.0,1,151.04,151.04,1,3,2400.0,2400.0,307.2,18432.0,0.0,0,0,0
128,8220.0,8280.0,60.0,1,148.39322033898304,148.39322033898304,1,3,2400.0,2400.0,307.2,18432.0,0.0,0,0,0
129,8280.0,8340.0,60.0,1,145.6551724137931,145.6551724137931,1,3,2400.0,2400.0,307.2,18432.0,0.0,0,0,0
130,8340.0,8385.934,45.93399999999929,1,142.82105263157894,142.82105263157894,1,3,2400.0,2400.0,307.2,14110.92479999978,0.0,0,0,0
131,8385.934,8400.0,14.066000000000713,1,140.58322368323562,140.58322368323562,1,2,1600.0,1600.0,307.2,4321.0752000002185,0.0,0,0,0
132,8400.0,8460.0,60.0,1,139.88571428571427,139.88571428571427,1,2,1600.0,1600.0,307.2,18432.0,0.0,0,0,0
133,8460.0,8520.0,60.0,1,136.84363636363636,136.84363636363636,1,2,1600.0,1600.0,307.2,18432.0,0.0,0,0,0
134,8520.0,8580.0,60.0,2,282.7888888888889,282.7888888888889,1,2,1600.0,1600.0,605.4,36324.0,0.0,0,0,0
135,8580.0,8640.0,60.0,2,277.1854068396226,277.1854068396226,1,2,1600.0,1600.0,605.4,36324.0,0.0,0,0,0
136,8640.0,8700.0,60.0,2,271.3820512820513,271.3820512820513,1,2,1600.0,1600.0,605.4,36324.0,0.0,0,0,0
137,8700.0,8760.0,60.0,3,442.9678368121442,442.9678368121442,1,2,1600.0,1600.0,960.5999999999999,57636.0,0.0,0,0,0
138,8760.0,8820.0,60.0,3,433.1064610237538,433.1064610237538,1,2,1600.0,1600.0,960.5999999999999,57636.0,0.0,0,0,0
139,8820.0,8880.0,60.0,3,422.8586734693878,422.8586734693878,1,2,1600.0,1600.0,960.5999999999999,57636.0,0.0,0,0,0
140,8880.0,9000.0,120.0,3,412.2011179228273,412.2011179228273,1,2,1600.0,1600.0,960.5999999999999,115272.0,0.0,0,0,0
141,9000.0,9060.0,60.0,3,389.55339435545386,389.55339435545386,1,2,1600.0,1600.0,960.5999999999999,57636.0,0.0,0,0,0
142,9060.0,9120.0,60.0,3,377.50598484848484,377.50598484848484,1,2,1600.0,1600.0,960.5999999999999,57636.0,0.0,0,0,0
143,9120.0,9240.0,120.0,4,495.9338266384778,495.9338266384778,1,2,1600.0,1600.0,1209.5,145140.0,0.0,0,0,0
144,9240.0,9300.0,60.0,4,465.00491205321015,465.00491205321015,1,2,1600.0,1600.0,1209.5,72570.0,0.0,0,0,0
145,9300.0,9360.0,60.0,5,574.4929075738125,574.4929075738125,1,2,1600.0,1600.0,1394.6,83676.0,0.0,0,0,0
146,9360.0,9420.0,60.0,5,556.5664948287007,556.5664948287007,1,2,1600.0,1600.0,1394.6,83676.0,0.0,0,0,0
147,9420.0,9480.0,60.0,5,537.8090427421548,537.8090427421548,1,2,1600.0,1600.0,1394.6,83676.0,0.0,0,0,0
148,9480.0,9540.0,60.0,5,518.1595901518502,518.1595901518502,1,2,1600.0,1600.0,1394.6,83676.0,0.0,0,0,0
149,9540.0,9600.0,60.0,5,497.5509167415092,497.5509167415092,1,2,1600.0,1600.0,1404.1,84246.0,0.0,0,0,0
150,9600.0,9660.0,60.0,5,475.54326028581346,475.54326028581346,1,2,1600.0,1600.0,1394.6,83676.0,0.0,0,0,0
151,9660.0,9720.0,60.0,5,452.7750751805739,452.7750751805739,1,2,1600.0,1600.0,1394.6,83676.0,0.0,0,0,0
152,9720.0,9780.0,60.0,6,570.898828654189,570.898828654189,1,2,1600.0,1600.0,1600.0,96000.0,0.0,0,0,0
153,9780.0,9840.0,60.0,6,544.3113258434687,544.3113258434687,1,2,1600.0,1600.0,1600.0,96000.0,0.0,0,0,0
154,9840.0,9900.0,60.0,6,516.2456460813316,516.2456460813316,1,2,1600.0,1600.0,1600.0,96000.0,0.0,0,0,0
155,9900.0,10020.0,120.0,7,601.2699328847734,601.2699328847734,1,2,1600.0,1600.0,1600.0,192000.0,0.0,0,0,0
156,10020.0,10080.0,60.0,6,549.2946189544919,549.2946189544919,1,2,1600.0,1600.0,1600.0,96000.0,0.0,0,0,0
157,10080.0,10140.0,60.0,6,522.2064137149113,522.2064137149113,1,2,1600.0,1600.0,1600.0,96000.0,0.0,0,0,0
158,10140.0,10260.0,120.0,6,493.5290491714528,493.5290491714528,1,2,1600.0,1600.0,1452.0,174240.0,0.0,0,0,0
159,10260.0,10320.0,60.0,5,444.20565795381805,444.20565795381805,1,2,1600.0,1600.0,1274.4,76464.0,0.0,0,0,0
160,10320.0,10380.0,60.0,6,532.1856836631151,532.1856836631151,1,2,1600.0,1600.0,1467.2,88032.0,0.0,0,0,0
161,10380.0,10500.0,120.0,6,511.1551822739233,511.1551822739233,1,2,1600.0,1600.0,1392.65,167118.0,0.0,0,0,0
162,10500.0,10560.0,60.0,6,569.535231856023,569.535231856023,1,2,1600.0,1600.0,1347.1999999999998,80832.0,0.0,0,0,0
163,10560.0,10620.0,60.0,6,553.7462398927889,553.7462398927889,1,2,1600.0,1600.0,1347.1999999999998,80832.0,0.0,0,0,0
164,10620.0,10740.0,120.0,6,537.2474780781878,537.2474780781878,1,2,1600.0,1600.0,1347.1999999999998,161664.0,0.0,0,0,0
165,10740.0,10800.0,60.0,6,501.9061607484789,501.9061607484789,1,2,1600.0,1600.0,1347.1999999999998,80832.0,0.0,0,0,0
166,10800.0,10860.0,60.0,6,482.9417985586431,482.9417985586431,1,2,1600.0,1600.0,1347.1999999999998,80832.0,0.0,0,0,0
167,10860.0,10920.0,60.0,6,463.02236696994765,463.02236696994765,1,2,1600.0,1600.0,1347.1999999999998,80832.0,0.0,0,0,0
168,10920.0,10980.0,60.0,7,528.0683333333334,528.0683333333334,1,2,1600.0,1600.0,1497.1,89826.0,0.0,0,0,0
169,10980.0,11040.0,60.0,7,505.1817376845578,505.1817376845578,1,2,1600.0,1600.0,1497.1,89826.0,0.0,0,0,0
170,11040.0,11100.0,60.0,7,481.0504969779031,481.0504969779031,1,2,1600.0,1600.0,1497.1,89826.0,0.0,0,0,0
171,11100.0,11160.0,60.0,8,581.5606421506674,581.5606421506674,1,2,1600.0,1600.0,1600.0,96000.0,0.0,0,0,0
172,11160.0,11280.0,120.0,8,555.4910201014491,555.4910201014491,1,2,1600.0,1600.0,1484.2,178104.0,0.0,0,0,0
173,11280.0,11340.0,60.0,7,514.7491809769617,514.7491809769617,1,2,1600.0,1600.0,1476.8,88608.0,0.0,0,0,0
174,11340.0,11400.0,60.0,7,493.15672337545084,493.15672337545084,1,2,1600.0,1600.0,1476.8,88608.0,0.0,0,0,0
175,11400.0,11520.0,120.0,7,470.394118503329,470.394118503329,1,2,1600.0,1600.0,1425.85,171102.0,0.0,0,0,0
176,11520.0,11580.0,60.0,7,535.9932506314218,535.9932506314218,1,2,1600.0,1600.0,1443.7,86622.0,0.0,0,0,0
177,11580.0,11640.0,60.0,7,519.046879342582,519.046879342582,1,2,1600.0,1600.0,1312.1,78726.0,0.0,0,0,0
178,11640.0,11700.0,60.0,6,505.4588319088319,505.4588319088319,1,2,1600.0,1600.0,1204.3,72258.0,0.0,0,0,0
179,11700.0,11760.0,60.0,6,494.8008342564254,494.8008342564254,1,2,1600.0,1600.0,1204.3,72258.0,0.0,0,0,0
180,11760.0,11820.0,60.0,6,483.7885048506114,483.7885048506114,1,2,1600.0,1600.0,1204.3,72258.0,0.0,0,0,0
181,11820.0,11880.0,60.0,6,472.402807668522,472.402807668522,1,2,1600.0,1600.0,1204.3,72258.0,0.0,0,0,0
182,11880.0,12000.0,120.0,6,460.623255991685,460.623255991685,1,2,1600.0,1600.0,1204.3,144516.0,0.0,0,0,0
183,12000.0,12060.0,60.0,6,435.7924978687127,435.7924978687127,1,2,1600.0,1600.0,1204.3000000000002,72258.0,0.0,0,0,0
184,12060.0,12120.0,60.0,6,422.69166139564777,422.69166139564777,1,2,1600.0,1600.0,1204.3000000000002,72258.0,0.0,0,0,0
185,12120.0,12180.0,60.0,6,409.0973165388828,409.0973165388828,1,2,1600.0,1600.0,1204.3000000000002,72258.0,0.0,0,0,0
186,12180.0,12240.0,60.0,6,394.9791313263659,394.9791313263659,1,2,1600.0,1600.0,1204.3000000000002,72258.0,0.0,0,0,0
187,12240.0,12300.0,60.0,6,380.30411271881894,380.30411271881894,1,2,1600.0,1600.0,1204.3000000000002,72258.0,0.0,0,0,0
188,12300.0,12360.0,60.0,6,365.03629818826676,365.03629818826676,1,2,1600.0,1600.0,1204.3000000000002,72258.0,0.0,0,0,0
189,12360.0,12420.0,60.0,6,349.1364023739973,349.1364023739973,1,2,1600.0,1600.0,1204.3000000000002,72258.0,0.0,0,0,0
190,12420.0,12480.0,60.0,6,332.56141086983195,332.56141086983195,1,2,1600.0,1600.0,1010.5999999999999,60636.0,0.0,0,0,0
191,12480.0,12540.0,60.0,5,320.499246665988,320.499246665988,1,2,1600.0,1600.0,986.3999999999999,59184.0,0.0,0,0,0
192,12540.0,12600.0,60.0,5,308.6258849489205,308.6258849489205,1,2,1600.0,1600.0,986.3999999999999,59184.0,0.0,0,0,0
193,12600.0,12660.0,60.0,5,296.2751207729469,296.2751207729469,1,2,1600.0,1600.0,986.3999999999999,59184.0,0.0,0,0,0
194,12660.0,12720.0,60.0,5,283.4147717465365,283.4147717465365,1,2,1600.0,1600.0,986.3999999999999,59184.0,0.0,0,0,0
195,12720.0,12780.0,60.0,5,270.0094694242994,270.0094694242994,1,2,1600.0,1600.0,986.3999999999999,59184.0,0.0,0,0,0
196,12780.0,12840.0,60.0,5,256.0202316677437,256.0202316677437,1,2,1600.0,1600.0,986.3999999999999,59184.0,0.0,0,0,0
197,12840.0,12900.0,60.0,5,241.4039612676056,241.4039612676056,1,2,1600.0,1600.0,986.3999999999999,59184.0,0.0,0,0,0
198,12900.0,13020.0,120.0,5,226.1128551029907,226.1128551029907,1,2,1600.0,1600.0,818.2,98184.0,0.0,0,0,0
199,13020.0,13080.0,60.0,4,204.8870588235294,204.8870588235294,1,2,1600.0,1600.0,808.2,48492.0,0.0,0,0,0
200,13080.0,13081.965,1.9650000000001455,4,194.00480067196486,194.00480067196486,1,2,1600.0,1600.0,808.2,1588.1130000001176,0.0,0,0,0
201,13081.965,13140.0,58.034999999999854,4,193.64132383734253,193.64132383734253,1,3,2400.0,2400.0,808.2,46903.886999999886,0.0,0,0,0
202,13140.0,13260.0,120.0,4,182.69533610127613,182.69533610127613,1,3,2400.0,2400.0,808.2,96984.0,0.0,0,0,0
203,13260.0,13320.0,60.0,4,158.68386781090032,158.68386781090032,1,3,2400.0,2400.0,807.2,48432.0,0.0,0,0,0
204,13320.0,13380.0,60.0,3,145.945,145.945,1,3,2400.0,2400.0,615.4,36924.0,0.0,0,0,0
205,13380.0,13440.0,60.0,3,137.5738040644533,137.5738040644533,1,3,2400.0,2400.0,615.4,36924.0,0.0,0,0,0
206,13440.0,13453.658,13.657999999999447,3,128.87244751222318,128.87244751222318,1,3,2400.0,2400.0,615.4,8405.13319999966,0.0,0,0,0
207,13453.658,13500.0,46.34200000000055,3,126.84339306412497,126.84339306412497,1,2,1600.0,1600.0,615.4,28518.86680000034,0.0,0,0,0
208,13500.0,13515.068,15.067999999999302,3,119.81930501930502,119.81930501930502,1,2,1600.0,1600.0,615.4,9272.847199999569,0.0,0,0,0
209,13515.068,13560.0,44.9320000000007,3,117.4877491072468,117.4877491072468,1,1,800.0,800.0,615.4000000000001,27651.152800000425,0.0,0,0,0
210,13560.0,13620.0,60.0,3,110.39067796610169,110.39067796610169,1,1,800.0,800.0,615.4000000000001,36924.0,0.0,0,0,0
211,13620.0,13680.0,60.0,3,100.56052545155994,100.56052545155994,1,1,800.0,800.0,534.4,32064.0,0.0,0,0,0
212,13680.0,13740.0,60.0,2,92.68250355618777,92.68250355618777,1,1,800.0,800.0,460.6,27636.0,0.0,0,0,0
213,13740.0,13800.0,60.0,2,86.72328767123287,86.72328767123287,1,1,800.0,800.0,460.6,27636.0,0.0,0,0,0
214,13800.0,13860.0,60.0,2,80.56464646464647,80.56464646464647,1,1,800.0,800.0,460.6,27636.0,0.0,0,0,0
215,13860.0,13920.0,60.0,2,74.1962441314554,74.1962441314554,1,1,800.0,800.0,460.6,27636.0,0.0,0,0,0
216,13920.0,14040.0,120.0,2,67.60700808625337,67.60700808625337,1,1,800.0,800.0,460.6,55272.0,0.0,0,0,0
217,14040.0,14100.0,60.0,2,53.71764705882353,53.71764705882353,1,1,800.0,800.0,460.6,27636.0,0.0,0,0,0
218,14100.0,14160.0,60.0,1,46.3910447761194,46.3910447761194,1,1,800.0,800.0,208.6,12516.0,0.0,0,0,0
219,14160.0,14280.0,120.0,1,43.93333333333333,43.93333333333333,1,1,800.0,800.0,208.6,25032.0,0.0,0,0,0
220,14280.0,14340.0,60.0,1,38.7875,38.7875,1,1,800.0,800.0,208.6,12516.0,0.0,0,0,0
221,14340.0,14400.0,60.0,1,36.092063492063495,36.092063492063495,1,1,800.0,800.0,208.6,12516.0,0.0,0,0,0
222,14400.0,14520.0,120.0,1,33.30967741935484,33.30967741935484,1,1,800.0,800.0,208.6,25032.0,0.0,0,0,0
223,14520.0,14580.0,60.0,1,27.466666666666665,27.466666666666665,1,1,800.0,800.0,208.6,12516.0,0.0,0,0,0
224,14580.0,14640.0,60.0,1,24.396610169491524,24.396610169491524,1,1,800.0,800.0,208.6,12516.0,0.0,0,0,0
225,14640.0,14700.0,60.0,1,21.220689655172414,21.220689655172414,1,1,800.0,800.0,208.6,12516.0,0.0,0,0,0
226,14700.0,14760.0,60.0,1,17.933333333333334,17.933333333333334,1,1,800.0,800.0,208.6,12516.0,0.0,0,0,0
227,14760.0,14820.0,60.0,1,14.528571428571428,14.528571428571428,1,1,800.0,800.0,208.6,12516.0,0.0,0,0,0
228,14820.0,14880.0,60.0,1,11.0,11.0,1,1,800.0,800.0,208.6,12516.0,0.0,0,0,0
229,14880.0,14940.0,60.0,1,7.340740740740741,7.340740740740741,1,1,800.0,800.0,208.6,12516.0,0.0,0,0,0
230,14940.0,15000.0,60.0,1,3.543396226415094,3.543396226415094,1,1,800.0,800.0,187.8,11268.0,0.0,0,0,0
231,15000.0,15060.0,60.0,0,0,0,0,1,800.0,800.0,0.0,0.0,0.0,0,0,0
232,15060.0,15120.0,60.0,0,0,0,0,1,800.0,800.0,0.0,0.0,0.0,0,0,0
233,15120.0,15134.263,14.26300000000083,0,0,0,0,1,800.0,800.0,0.0,0.0,0.0,0,0,0
234,15134.263,15180.0,45.73699999999917,0,0,0,0,2,1600.0,1600.0,0.0,0.0,0.0,0,0,0
235,15180.0,15240.0,60.0,0,0,0,0,2,1600.0,1600.0,0.0,0.0,0.0,0,0,0
236,15240.0,15300.0,60.0,0,0,0,0,2,1600.0,1600.0,0.0,0.0,0.0,0,0,0
237,15300.0,15360.0,60.0,1,168.2,168.2,1,2,1600.0,1600.0,336.4,20184.0,0.0,0,0,0
238,15360.0,15420.0,60.0,1,165.39666666666668,165.39666666666668,1,2,1600.0,1600.0,336.4,20184.0,0.0,0,0,0
239,15420.0,15480.0,60.0,1,162.49830508474577,162.49830508474577,1,2,1600.0,1600.0,336.4,20184.0,0.0,0,0,0
240,15480.0,15540.0,60.0,1,159.5,159.5,1,2,1600.0,1600.0,336.4,20184.0,0.0,0,0,0
241,15540.0,15600.0,60.0,1,156.39649122807018,156.39649122807018,1,2,1600.0,1600.0,336.4,20184.0,0.0,0,0,0
242,15600.0,15660.0,60.0,1,153.18214285714285,153.18214285714285,1,2,1600.0,1600.0,336.4,20184.0,0.0,0,0,0
243,15660.0,15720.0,60.0,1,149.85090909090908,149.85090909090908,1,2,1600.0,1600.0,336.4,20184.0,0.0,0,0,0
244,15720.0,15780.0,60.0,2,309.6962962962963,309.6962962962963,1,2,1600.0,1600.0,663.0,39780.0,0.0,0,0,0
245,15780.0,15840.0,60.0,2,303.55975825471694,303.55975825471694,1,2,1600.0,1600.0,663.0,39780.0,0.0,0,0,0
246,15840.0,15900.0,60.0,2,297.20433455433454,297.20433455433454,1,2,1600.0,1600.0,663.0,39780.0,0.0,0,0,0
247,15900.0,16020.0,120.0,3,485.11799493991145,485.11799493991145,1,2,1600.0,1600.0,1052.0,126240.0,0.0,0,0,0
248,16020.0,16080.0,60.0,3,463.09566326530614,463.09566326530614,1,2,1600.0,1600.0,1052.0,63120.0,0.0,0,0,0
249,16080.0,16140.0,60.0,3,451.4241600552951,451.4241600552951,1,2,1600.0,1600.0,1052.0,63120.0,0.0,0,0,0
250,16140.0,16200.0,60.0,3,439.2762081725095,439.2762081725095,1,2,1600.0,1600.0,1052.0,63120.0,0.0,0,0,0
251,16200.0,16260.0,60.0,3,426.62176455631834,426.62176455631834,1,2,1600.0,1600.0,1052.0,63120.0,0.0,0,0,0
252,16260.0,16320.0,60.0,3,413.4281854256854,413.4281854256854,1,2,1600.0,1600.0,1052.0,63120.0,0.0,0,0,0
253,16320.0,16380.0,60.0,4,543.1599365750528,543.1599365750528,1,2,1600.0,1600.0,1324.6,79476.0,0.0,0,0,0
254,16380.0,16403.636,23.635999999998603,4,526.5901282187644,526.5901282187644,1,2,1600.0,1600.0,1324.6,31308.24559999815,0.0,0,0,0
255,16403.636,16440.0,36.3640000000014,4,519.8646558256129,519.8646558256129,1,3,2400.0,2400.0,1324.6,48167.75440000185,0.0,0,0,0
256,16440.0,16500.0,60.0,4,509.2890928147129,509.2890928147129,1,3,2400.0,2400.0,1324.6,79476.0,0.0,0,0,0
257,16500.0,16560.0,60.0,5,629.2064826700898,629.2064826700898,1,3,2400.0,2400.0,1586.8,95208.0,0.0,0,0,0
258,16560.0,16620.0,60.0,5,608.5128603749192,608.5128603749192,1,3,2400.0,2400.0,1586.8,95208.0,0.0,0,0,0
259,16620.0,16680.0,60.0,5,586.8705324500061,586.8705324500061,1,3,2400.0,2400.0,1586.8,95208.0,0.0,0,0,0
260,16680.0,16740.0,60.0,5,564.2105938155253,564.2105938155253,1,3,2400.0,2400.0,1586.8,95208.0,0.0,0,0,0
261,16740.0,16800.0,60.0,5,540.457122972381,540.457122972381,1,3,2400.0,2400.0,1586.8,95208.0,0.0,0,0,0
262,16800.0,16860.0,60.0,5,515.5262466847573,515.5262466847573,1,3,2400.0,2400.0,1586.8,95208.0,0.0,0,0,0
263,16860.0,16920.0,60.0,5,489.32504848093083,489.32504848093083,1,3,2400.0,2400.0,1586.8,95208.0,0.0,0,0,0
264,16920.0,17040.0,120.0,6,617.3502892899584,617.3502892899584,1,3,2400.0,2400.0,1860.1999999999998,223224.0,0.0,0,0,0
265,17040.0,17100.0,60.0,6,553.1609200944104,553.1609200944104,1,3,2400.0,2400.0,1860.1999999999998,111612.0,0.0,0,0,0
266,17100.0,17160.0,60.0,7,643.9676290865991,643.9676290865991,1,3,2400.0,2400.0,1892.8,113568.0,0.0,0,0,0
267,17160.0,17280.0,120.0,6,612.1557678608528,612.1557678608528,1,3,2400.0,2400.0,1762.4,211488.0,0.0,0,0,0
268,17280.0,17340.0,60.0,6,553.196766278786,553.196766278786,1,3,2400.0,2400.0,1762.4,105744.0,0.0,0,0,0
269,17340.0,17400.0,60.0,6,521.1403277312243,521.1403277312243,1,3,2400.0,2400.0,1762.4,105744.0,0.0,0,0,0
270,17400.0,17460.0,60.0,5,487.1407958870725,487.1407958870725,1,3,2400.0,2400.0,1373.4,82404.0,0.0,0,0,0
271,17460.0,17520.0,60.0,5,467.2070023889695,467.2070023889695,1,3,2400.0,2400.0,1373.4,82404.0,0.0,0,0,0
272,17520.0,17580.0,60.0,6,563.6101772124375,563.6101772124375,1,3,2400.0,2400.0,1584.5,95070.0,0.0,0,0,0
273,17580.0,17640.0,60.0,6,540.622049467961,540.622049467961,1,3,2400.0,2400.0,1584.5,95070.0,0.0,0,0,0
274,17640.0,17700.0,60.0,6,516.4901667482218,516.4901667482218,1,3,2400.0,2400.0,1443.4,86604.0,0.0,0,0,0
275,17700.0,17760.0,60.0,6,604.0965718253751,604.0965718253751,1,3,2400.0,2400.0,1475.2,88512.0,0.0,0,0,0
276,17760.0,17820.0,60.0,6,586.2961613802936,586.2961613802936,1,3,2400.0,2400.0,1475.2,88512.0,0.0,0,0,0
277,17820.0,17880.0,60.0,6,567.6905819719192,567.6905819719192,1,3,2400.0,2400.0,1475.2,88512.0,0.0,0,0,0
278,17880.0,17940.0,60.0,6,548.2202339546611,548.2202339546611,1,3,2400.0,2400.0,1475.2,88512.0,0.0,0,0,0
279,17940.0,18000.0,60.0,6,527.8191928446821,527.8191928446821,1,3,2400.0,2400.0,1475.2,88512.0,0.0,0,0,0
280,18000.0,18060.0,60.0,6,506.4143174845919,506.4143174845919,1,3,2400.0,2400.0,1475.2,88512.0,0.0,0,0,0
281,18060.0,18120.0,60.0,6,483.9241990625861,483.9241990625861,1,3,2400.0,2400.0,1475.2,88512.0,0.0,0,0,0
282,18120.0,18180.0,60.0,7,554.4579162157287,554.4579162157287,1,3,2400.0,2400.0,1644.8000000000002,98688.0,0.0,0,0,0
283,18180.0,18240.0,60.0,7,528.5591219818571,528.5591219818571,1,3,2400.0,2400.0,1569.4,94164.0,0.0,0,0,0
284,18240.0,18300.0,60.0,6,503.93594333570536,503.93594333570536,1,3,2400.0,2400.0,1372.2,82332.0,0.0,0,0,0
285,18300.0,18360.0,60.0,7,623.2681438247212,623.2681438247212,1,3,2400.0,2400.0,1648.2,98892.0,0.0,0,0,0
286,18360.0,18420.0,60.0,7,602.2948048148603,602.2948048148603,1,3,2400.0,2400.0,1648.2,98892.0,0.0,0,0,0
287,18420.0,18521.672,101.67199999999866,7,580.3066805577602,580.3066805577602,1,3,2400.0,2400.0,1648.2,167575.79039999782,0.0,0,0,0
288,18521.672,18540.0,18.32800000000134,7,540.4874577329165,540.4874577329165,1,2,1600.0,1600.0,1545.3000000000002,28322.25840000207,0.0,0,0,0
289,18540.0,18600.0,60.0,7,533.367857576893,533.367857576893,1,2,1600.0,1600.0,1545.3000000000002,92718.0,0.0,0,0,0
290,18600.0,18660.0,60.0,7,509.627757937394,509.627757937394,1,2,1600.0,1600.0,1545.3000000000002,92718.0,0.0,0,0,0
291,18660.0,18720.0,60.0,7,484.1097615214881,484.1097615214881,1,2,1600.0,1600.0,1511.9,90714.0,0.0,0,0,0
292,18720.0,18780.0,60.0,7,579.1250144684822,579.1250144684822,1,2,1600.0,1600.0,1415.4,84924.0,0.0,0,0,0
293,18780.0,18840.0,60.0,6,565.3421327075712,565.3421327075712,1,2,1600.0,1600.0,1318.8000000000002,79128.0,0.0,0,0,0
294,18840.0,18900.0,60.0,6,554.0503082527712,554.0503082527712,1,2,1600.0,1600.0,1318.8000000000002,79128.0,0.0,0,0,0
295,18900.0,18960.0,60.0,6,542.3903113942109,542.3903113942109,1,2,1600.0,1600.0,1318.8000000000002,79128.0,0.0,0,0,0
296,18960.0,19020.0,60.0,6,530.3427708929727,530.3427708929727,1,2,1600.0,1600.0,1318.8000000000002,79128.0,0.0,0,0,0
297,19020.0,19080.0,60.0,6,517.8868710797774,517.8868710797774,1,2,1600.0,1600.0,1318.8000000000002,79128.0,0.0,0,0,0
298,19080.0,19140.0,60.0,6,505.00021024560505,505.00021024560505,1,2,1600.0,1600.0,1318.8000000000002,79128.0,0.0,0,0,0
299,19140.0,19200.0,60.0,6,491.65864164875774,491.65864164875774,1,2,1600.0,1600.0,1318.8000000000002,79128.0,0.0,0,0,0
300,19200.0,19260.0,60.0,6,477.8360945552714,477.8360945552714,1,2,1600.0,1600.0,1315.5,78930.0,0.0,0,0,0
301,19260.0,19320.0,60.0,6,463.57770560952116,463.57770560952116,1,2,1600.0,1600.0,1315.5,78930.0,0.0,0,0,0
302,19320.0,19380.0,60.0,6,448.7829236195013,448.7829236195013,1,2,1600.0,1600.0,1315.5,78930.0,0.0,0,0,0
303,19380.0,19440.0,60.0,6,433.4188160732396,433.4188160732396,1,2,1600.0,1600.0,1315.5,78930.0,0.0,0,0,0
304,19440.0,19500.0,60.0,6,417.4495634848673,417.4495634848673,1,2,1600.0,1600.0,1315.5,78930.0,0.0,0,0,0
305,19500.0,19560.0,60.0,6,400.83612496433443,400.83612496433443,1,2,1600.0,1600.0,1315.5,78930.0,0.0,0,0,0
306,19560.0,19576.32,16.31999999999971,6,383.535855091807,383.535855091807,1,2,1600.0,1600.0,1315.5,21468.959999999617,0.0,0,0,0
307,19576.32,19620.0,43.68000000000029,6,378.70535237017754,378.70535237017754,1,3,2400.0,2400.0,1318.8,57605.18400000039,0.0,0,0,0
308,19620.0,19680.0,60.0,6,365.44046348472585,365.44046348472585,1,3,2400.0,2400.0,1107.0,66420.0,0.0,0,0,0
309,19680.0,19800.0,120.0,5,352.2577678067186,352.2577678067186,1,3,2400.0,2400.0,1080.2,129624.0,0.0,0,0,0
310,19800.0,19860.0,60.0,5,325.8047114492754,325.8047114492754,1,3,2400.0,2400.0,1080.2,64812.0,0.0,0,0,0
311,19860.0,19920.0,60.0,5,311.76203346180057,311.76203346180057,1,3,2400.0,2400.0,1080.2,64812.0,0.0,0,0,0
312,19920.0,20040.0,120.0,5,297.12503947690936,297.12503947690936,1,3,2400.0,2400.0,1080.2,129624.0,0.0,0,0,0
313,20040.0,20100.0,60.0,5,265.8937803169015,265.8937803169015,1,3,2400.0,2400.0,1080.2,64812.0,0.0,0,0,0
314,20100.0,20160.0,60.0,5,249.20051723560914,249.20051723560914,1,3,2400.0,2400.0,961.0976,57665.856,0.0,0,0,0
315,20160.0,20220.0,60.0,4,235.6836189888777,235.6836189888777,1,3,2400.0,2400.0,885.1,53106.0,0.0,0,0,0
316,20220.0,20280.0,60.0,4,224.20268345098043,224.20268345098043,1,3,2400.0,2400.0,885.1,53106.0,0.0,0,0,0
317,20280.0,20340.0,60.0,4,212.2810227376107,212.2810227376107,1,3,2400.0,2400.0,885.1,53106.0,0.0,0,0,0
318,20340.0,20400.0,60.0,4,199.8913265941568,199.8913265941568,1,3,2400.0,2400.0,885.1,53106.0,0.0,0,0,0
319,20400.0,20460.0,60.0,4,187.00388337175025,187.00388337175025,1,3,2400.0,2400.0,885.1,53106.0,0.0,0,0,0
320,20460.0,20520.0,60.0,4,173.58630205359836,173.58630205359836,1,3,2400.0,2400.0,885.1,53106.0,0.0,0,0,0
321,20520.0,20580.0,60.0,4,159.603193952381,159.603193952381,1,3,2400.0,2400.0,676.0,40560.0,0.0,0,0,0
322,20580.0,20640.0,60.0,3,150.37734545214693,150.37734545214693,1,3,2400.0,2400.0,674.0,40440.0,0.0,0,0,0
323,20640.0,20700.0,60.0,3,140.83949873985094,140.83949873985094,1,3,2400.0,2400.0,674.0,40440.0,0.0,0,0,0
324,20700.0,20760.0,60.0,3,130.91593683397687,130.91593683397687,1,3,2400.0,2400.0,674.0,40440.0,0.0,0,0,0
325,20760.0,20820.0,60.0,3,120.58066842402623,120.58066842402623,1,3,2400.0,2400.0,674.0,40440.0,0.0,0,0,0
326,20820.0,20831.95,11.950000000000728,3,109.80513275533667,109.80513275533667,1,3,2400.0,2400.0,674.0,8054.30000000049,0.0,0,0,0
327,20831.95,20880.0,48.04999999999927,3,107.60372995394339,107.60372995394339,1,2,1600.0,1600.0,550.9188595213327,26471.651199999636,0.0,0,0,0
328,20880.0,20940.0,60.0,2,101.45689900426743,101.45689900426743,1,2,1600.0,1600.0,504.4,30264.0,0.0,0,0,0
329,20940.0,21060.0,120.0,2,94.93033268101762,94.93033268101762,1,2,1600.0,1600.0,504.4,60528.0,0.0,0,0,0
330,21060.0,21120.0,60.0,2,81.21064162754303,81.21064162754303,1,2,1600.0,1600.0,504.4,30264.0,0.0,0,0,0
331,21120.0,21180.0,60.0,2,73.99407008086254,73.99407008086254,1,2,1600.0,1600.0,504.4,30264.0,0.0,0,0,0
332,21180.0,21300.0,120.0,2,66.52263099219621,66.52263099219621,1,2,1600.0,1600.0,504.4,60528.0,0.0,0,0,0
333,21300.0,21360.0,60.0,1,50.75820895522388,50.75820895522388,1,2,1600.0,1600.0,228.4,13704.0,0.0,0,0,0
334,21360.0,21420.0,60.0,1,48.06666666666667,48.06666666666667,1,2,1600.0,1600.0,228.4,13704.0,0.0,0,0,0
335,21420.0,21480.0,60.0,1,45.292307692307695,45.292307692307695,1,2,1600.0,1600.0,228.4,13704.0,0.0,0,0,0
336,21480.0,21540.0,60.0,1,42.43125,42.43125,1,2,1600.0,1600.0,228.4,13704.0,0.0,0,0,0
337,21540.0,21600.0,60.0,1,39.47936507936508,39.47936507936508,1,2,1600.0,1600.0,228.4,13704.0,0.0,0,0,0
338,21600.0,21660.0,60.0,1,36.43225806451613,36.43225806451613,1,2,1600.0,1600.0,228.4,13704.0,0.0,0,0,0
339,21660.0,21720.0,60.0,1,33.28524590163934,33.28524590163934,1,2,1600.0,1600.0,228.4,13704.0,0.0,0,0,0
340,21720.0,21780.0,60.0,1,30.033333333333335,30.033333333333335,1,2,1600.0,1600.0,228.4,13704.0,0.0,0,0,0
341,21780.0,21840.0,60.0,1,26.671186440677968,26.671186440677968,1,2,1600.0,1600.0,228.4,13704.0,0.0,0,0,0
342,21840.0,21900.0,60.0,1,23.193103448275863,23.193103448275863,1,2,1600.0,1600.0,228.4,13704.0,0.0,0,0,0
343,21900.0,21960.0,60.0,1,19.59298245614035,19.59298245614035,1,2,1600.0,1600.0,228.4,13704.0,0.0,0,0,0
344,21960.0,22020.0,60.0,1,15.864285714285714,15.864285714285714,1,2,1600.0,1600.0,228.4,13704.0,0.0,0,0,0
345,22020.0,22080.0,60.0,1,12.0,12.0,1,2,1600.0,1600.0,228.4,13704.0,0.0,0,0,0
346,22080.0,22099.452,19.452000000001135,1,7.992592592592593,7.992592592592593,1,2,1600.0,1600.0,228.4,4442.836800000259,0.0,0,0,0
347,22099.452,22140.0,40.547999999998865,1,6.661339374541149,6.661339374541149,1,1,800.0,800.0,228.4,9261.16319999974,0.0,0,0,0
348,22140.0,22200.0,60.0,1,3.8339622641509434,3.8339622641509434,1,1,800.0,800.0,203.2,12192.0,0.0,0,0,0
349,22200.0,22320.0,120.0,0,0,0,0,1,800.0,800.0,0.0,0.0,0.0,0,0,0
350,22320.0,22380.0,60.0,0,0,0,0,1,800.0,800.0,0.0,0.0,0.0,0,0,0
351,22380.0,22440.0,60.0,0,0,0,0,1,800.0,800.0,0.0,0.0,0.0,0,0,0
352,22440.0,22500.0,60.0,0,0,0,0,1,800.0,800.0,0.0,0.0,0.0,0,0,0
353,22500.0,22560.0,60.0,1,172.6,172.6,1,1,800.0,800.0,345.2,20712.0,0.0,0,0,0
354,22560.0,22620.0,60.0,1,169.72333333333333,169.72333333333333,1,1,800.0,800.0,345.2,20712.0,0.0,0,0,0
355,22620.0,22680.0,60.0,1,166.74915254237288,166.74915254237288,1,1,800.0,800.0,345.2,20712.0,0.0,0,0,0
356,22680.0,22740.0,60.0,1,163.67241379310346,163.67241379310346,1,1,800.0,800.0,345.2,20712.0,0.0,0,0,0
357,22740.0,22800.0,60.0,1,160.48771929824562,160.48771929824562,1,1,800.0,800.0,345.2,20712.0,0.0,0,0,0
358,22800.0,22860.0,60.0,1,157.18928571428572,157.18928571428572,1,1,800.0,800.0,345.2,20712.0,0.0,0,0,0
359,22860.0,22920.0,60.0,1,153.7709090909091,153.7709090909091,1,1,800.0,800.0,345.2,20712.0,0.0,0,0,0
360,22920.0,22980.0,60.0,2,317.82592592592596,317.82592592592596,1,1,800.0,800.0,680.4,40824.0,0.0,0,0,0
361,22980.0,23040.0,60.0,2,311.52841981132076,311.52841981132076,1,1,800.0,800.0,680.4,40824.0,0.0,0,0,0
362,23040.0,23100.0,60.0,2,305.0062881562882,305.0062881562882,1,1,800.0,800.0,680.4,40824.0,0.0,0,0,0
363,23100.0,23160.0,60.0,3,497.8471853257432,497.8471853257432,1,1,800.0,800.0,800.0,48000.0,0.0,0,0,0
364,23160.0,23220.0,60.0,3,492.35636667781864,492.35636667781864,1,1,800.0,800.0,800.0,48000.0,0.0,0,0,0
365,23220.0,23280.0,60.0,3,486.65952380952376,486.65952380952376,1,1,800.0,800.0,800.0,48000.0,0.0,0,0,0
366,23280.0,23340.0,60.0,3,480.74467333814164,480.74467333814164,1,1,800.0,800.0,800.0,48000.0,0.0,0,0,0
367,23340.0,23382.413,42.413000000000466,3,474.5988707773772,474.5988707773772,1,1,800.0,800.0,800.0,33930.40000000037,0.0,0,0,0
368,23382.413,23400.0,17.586999999999534,3,470.10759767708066,470.10759767708066,1,2,1600.0,1600.0,1079.6,18986.925199999496,0.0,0,0,0
369,23400.0,23460.0,60.0,3,466.4264712916349,466.4264712916349,1,2,1600.0,1600.0,1079.6,64776.0,0.0,0,0,0
370,23460.0,23520.0,60.0,3,453.52265011832617,453.52265011832617,1,2,1600.0,1600.0,1079.6,64776.0,0.0,0,0,0
371,23520.0,23580.0,60.0,4,587.3579899260043,587.3579899260043,1,2,1600.0,1600.0,1359.5,81570.0,0.0,0,0,0
372,23580.0,23640.0,60.0,4,571.0472791293721,571.0472791293721,1,2,1600.0,1600.0,1359.5,81570.0,0.0,0,0,0
373,23640.0,23700.0,60.0,4,554.0192246301867,554.0192246301867,1,2,1600.0,1600.0,1359.5,81570.0,0.0,0,0,0
374,23700.0,23820.0,120.0,5,677.8245789730424,677.8245789730424,1,2,1600.0,1600.0,1534.4,184128.0,0.0,0,0,0
375,23820.0,23880.0,60.0,5,639.3388009796611,639.3388009796611,1,2,1600.0,1600.0,1534.4,92064.0,0.0,0,0,0
376,23880.0,23940.0,60.0,5,618.7195086191538,618.7195086191538,1,2,1600.0,1600.0,1534.4,92064.0,0.0,0,0,0
377,23940.0,24000.0,60.0,5,596.7752224405932,596.7752224405932,1,2,1600.0,1600.0,1534.4,92064.0,0.0,0,0,0
378,24000.0,24060.0,60.0,5,574.0465939233699,574.0465939233699,1,2,1600.0,1600.0,1534.4,92064.0,0.0,0,0,0
379,24060.0,24120.0,60.0,5,550.1419654692486,550.1419654692486,1,2,1600.0,1600.0,1534.4,92064.0,0.0,0,0,0
380,24120.0,24180.0,60.0,7,773.9445438339276,773.9445438339276,1,2,1600.0,1600.0,1600.0,96000.0,0.0,0,0,0
381,24180.0,24240.0,60.0,7,750.2825970439085,750.2825970439085,1,2,1600.0,1600.0,1600.0,96000.0,0.0,0,0,0
382,24240.0,24300.0,60.0,7,724.7168722950188,724.7168722950188,1,2,1600.0,1600.0,1600.0,96000.0,0.0,0,0,0
383,24300.0,24360.0,60.0,8,826.4864622957776,826.4864622957776,2,2,1600.0,1600.0,1600.0,96000.0,0.0,0,0,0
384,24360.0,24420.0,60.0,8,799.5330906554661,799.5330906554661,1,2,1600.0,1600.0,1600.0,96000.0,0.0,0,0,0
385,24420.0,24480.0,60.0,8,770.4855513295603,770.4855513295603,1,2,1600.0,1600.0,1600.0,96000.0,0.0,0,0,0
386,24480.0,24540.0,60.0,8,740.0731199694735,740.0731199694735,1,2,1600.0,1600.0,1600.0,96000.0,0.0,0,0,0
387,24540.0,24600.0,60.0,8,706.8546254552651,706.8546254552651,1,2,1600.0,1600.0,1600.0,96000.0,0.0,0,0,0
388,24600.0,24660.0,60.0,6,677.2000520391767,677.2000520391767,1,2,1600.0,1600.0,1383.3,82998.0,0.0,0,0,0
389,24660.0,24720.0,60.0,6,660.1073454023557,660.1073454023557,1,2,1600.0,1600.0,1431.8,85908.0,0.0,0,0,0
390,24720.0,24840.0,120.0,6,641.3518141086106,641.3518141086106,1,2,1600.0,1600.0,1431.8,171816.0,0.0,0,0,0
391,24840.0,24900.0,60.0,6,600.8841460346712,600.8841460346712,1,2,1600.0,1600.0,1481.5,88890.0,0.0,0,0,0
392,24900.0,24960.0,60.0,6,692.6727545136154,692.6727545136154,1,2,1600.0,1600.0,1514.2,90852.0,0.0,0,0,0
393,24960.0,25020.0,60.0,6,676.3282077741862,676.3282077741862,1,2,1600.0,1600.0,1514.2,90852.0,0.0,0,0,0
394,25020.0,25080.0,60.0,7,746.224711828662,746.224711828662,1,2,1600.0,1600.0,1600.0,96000.0,0.0,0,0,0
395,25080.0,25140.0,60.0,7,728.3940365042596,728.3940365042596,1,2,1600.0,1600.0,1600.0,96000.0,0.0,0,0,0
396,25140.0,25200.0,60.0,7,709.7291542998623,709.7291542998623,1,2,1600.0,1600.0,1565.6,93936.0,0.0,0,0,0
397,25200.0,25260.0,60.0,7,690.5851000936772,690.5851000936772,1,2,1600.0,1600.0,1565.6,93936.0,0.0,0,0,0
398,25260.0,25268.354,8.35399999999936,7,670.4810500889165,670.4810500889165,1,2,1600.0,1600.0,1565.6,13079.022399998998,0.0,0,0,0
399,25268.354,25320.0,51.64600000000064,7,667.6013702185662,667.6013702185662,1,1,800.0,800.0,800.0,41316.80000000051,0.0,0,0,0
400,25320.0,25380.0,60.0,7,663.372451759515,663.372451759515,1,1,800.0,800.0,800.0,48000.0,0.0,0,0,0
401,25380.0,25440.0,60.0,7,658.2025590427418,658.2025590427418,1,1,800.0,800.0,800.0,48000.0,0.0,0,0,0
402,25440.0,25500.0,60.0,7,651.2220285105667,651.2220285105667,1,1,800.0,800.0,800.0,48000.0,0.0,0,0,0
403,25500.0,25560.0,60.0,8,786.9322254485584,786.9322254485584,1,1,800.0,800.0,800.0,48000.0,0.0,0,0,0
404,25560.0,25620.0,60.0,8,787.4459476854931,787.4459476854931,1,1,800.0,800.0,800.0,48000.0,0.0,0,0,0
405,25620.0,25680.0,60.0,8,786.4910109142554,786.4910109142554,1,1,800.0,800.0,800.0,48000.0,0.0,0,0,0
406,25680.0,25740.0,60.0,8,787.0600421774523,787.0600421774523,1,1,800.0,800.0,800.0,48000.0,0.0,0,0,0
407,25740.0,25800.0,60.0,8,785.9755771566018,785.9755771566018,1,1,800.0,800.0,800.0,48000.0,0.0,0,0,0
408,25800.0,25860.0,60.0,8,786.6120110108396,786.6120110108396,1,1,800.0,800.0,800.0,48000.0,0.0,0,0,0
409,25860.0,25920.0,60.0,8,785.3732333815948,785.3732333815948,1,1,800.0,800.0,800.0,48000.0,0.0,0,0,0
410,25920.0,25980.0,60.0,9,909.4942613676099,909.4942613676099,2,1,800.0,800.0,800.0,48000.0,109.49426136760985,0,0,0
411,25980.0,26100.0,120.0,9,917.2011266720868,917.2011266720868,2,1,800.0,800.0,800.0,96000.0,117.20112667208684,0,0,0
412,26100.0,26160.0,60.0,9,931.3803119623291,931.3803119623291,2,1,800.0,800.0,800.0,48000.0,131.38031196232907,0,0,0
413,26160.0,26220.0,60.0,9,933.9428221764448,933.9428221764448,2,1,800.0,800.0,800.0,48000.0,133.9428221764448,0,0,0
414,26220.0,26340.0,120.0,9,939.5476260966566,939.5476260966566,2,1,800.0,800.0,800.0,96000.0,139.5476260966566,0,0,0
415,26340.0,26400.0,60.0,9,958.3437900502877,958.3437900502877,2,1,800.0,800.0,800.0,48000.0,158.34379005028768,0,0,0
416,26400.0,26460.0,60.0,9,961.892279411982,961.892279411982,2,1,800.0,800.0,800.0,48000.0,161.89227941198203,0,0,0
417,26460.0,26520.0,60.0,9,969.8825384551837,969.8825384551837,2,1,800.0,800.0,800.0,48000.0,169.88253845518375,0,0,0
418,26520.0,26580.0,60.0,9,973.7661677058203,973.7661677058203,2,1,800.0,800.0,800.0,48000.0,173.7661677058203,0,0,0
419,26580.0,26640.0,60.0,9,983.1625146167719,983.1625146167719,2,1,800.0,800.0,800.0,48000.0,183.1625146167719,0,0,0
420,26640.0,26700.0,60.0,9,987.5452711934557,987.5452711934557,2,1,800.0,800.0,800.0,48000.0,187.54527119345573,0,0,0
421,26700.0,26760.0,60.0,9,1003.5639089626738,1003.5639089626738,2,1,800.0,800.0,800.0,48000.0,203.56390896267385,0,0,0
422,26760.0,26820.0,60.0,9,1017.4737993164081,1017.4737993164081,2,1,800.0,800.0,800.0,48000.0,217.47379931640808,0,0,0
423,26820.0,26880.0,60.0,9,987.4748975506901,987.4748975506901,2,1,800.0,800.0,800.0,48000.0,187.47489755069012,0,0,0
424,26880.0,26940.0,60.0,9,1013.9055196881993,1013.9055196881993,2,1,800.0,800.0,800.0,48000.0,213.90551968819932,0,0,0
425,26940.0,27000.0,60.0,9,1035.43896749354,1035.43896749354,2,1,800.0,800.0,800.0,48000.0,235.43896749354008,0,0,0
426,27000.0,27060.0,60.0,9,979.4289438796897,979.4289438796897,2,1,800.0,800.0,800.0,48000.0,179.42894387968965,0,0,0
427,27060.0,27120.0,60.0,9,1046.3829834686635,1046.3829834686635,2,1,800.0,800.0,800.0,48000.0,246.3829834686635,0,0,0
428,27120.0,27180.0,60.0,8,933.6502726020278,933.6502726020278,2,1,800.0,800.0,800.0,48000.0,133.65027260202783,0,0,0
429,27180.0,27240.0,60.0,8,945.191458210758,945.191458210758,2,1,800.0,800.0,800.0,48000.0,145.19145821075801,0,0,0
430,27240.0,27360.0,120.0,8,973.4117386042302,973.4117386042302,2,1,800.0,800.0,799.9999999999999,95999.99999999999,173.4117386042302,0,0,0
431,27360.0,27420.0,60.0,7,871.2645127308904,871.2645127308904,2,1,800.0,800.0,800.0,48000.0,71.26451273089037,0,0,0
432,27420.0,27480.0,60.0,7,874.1123931540617,874.1123931540617,2,1,800.0,800.0,800.0,48000.0,74.11239315406169,0,0,0
433,27480.0,27600.0,120.0,7,857.8598597470351,857.8598597470351,2,1,800.0,800.0,800.0,96000.0,57.8598597470351,0,0,0
434,27600.0,27660.0,60.0,7,813.5581120384766,813.5581120384766,2,1,800.0,800.0,800.0,48000.0,13.558112038476565,0,0,0
435,27660.0,27720.0,60.0,7,809.0968344221621,809.0968344221621,2,1,800.0,800.0,800.0,48000.0,9.096834422162146,0,0,0
436,27720.0,27780.0,60.0,7,800.0543318793997,800.0543318793997,2,1,800.0,800.0,800.0,48000.0,0.0543318793996832,0,0,0
437,27780.0,27840.0,60.0,7,789.148881882087,789.148881882087,1,1,800.0,800.0,800.0,48000.0,0.0,0,0,0
438,27840.0,27900.0,60.0,7,775.5988278031462,775.5988278031462,1,1,800.0,800.0,800.0,48000.0,0.0,0,0,0
439,27900.0,27960.0,60.0,7,753.4484470902075,753.4484470902075,1,1,800.0,800.0,800.0,47999.70698294257,0.0,0,0,0
440,27960.0,28020.0,60.0,6,728.0876236793373,728.0876236793373,1,1,800.0,800.0,800.0,48000.0,0.0,0,0,0
441,28020.0,28080.0,60.0,6,715.6393173147237,715.6393173147237,1,1,800.0,800.0,800.0,48000.0,0.0,0,0,0
442,28080.0,28140.0,60.0,6,701.9192025803978,701.9192025803978,1,1,800.0,800.0,800.0,48000.0,0.0,0,0,0
443,28140.0,28200.0,60.0,5,696.8466985611498,696.8466985611498,1,1,800.0,800.0,800.0,48000.0,0.0,0,0,0
444,28200.0,28260.0,60.0,5,691.414898989899,691.414898989899,1,1,800.0,800.0,800.0,48000.0,0.0,0,0,0
445,28260.0,28320.0,60.0,5,684.3974960876369,684.3974960876369,1,1,800.0,800.0,800.0,48000.0,0.0,0,0,0
446,28320.0,28380.0,60.0,5,677.1359029649595,677.1359029649595,1,1,800.0,800.0,800.0,48000.0,0.0,0,0,0
447,28380.0,28440.0,60.0,5,669.6169453734672,669.6169453734672,1,1,800.0,800.0,800.0,48000.0,0.0,0,0,0
448,28440.0,28500.0,60.0,5,661.8264705882353,661.8264705882353,1,1,800.0,800.0,800.0,48000.0,0.0,0,0,0
449,28500.0,28620.0,120.0,4,653.7492537313433,653.7492537313433,1,1,800.0,800.0,800.0,96000.0,0.0,0,0,0
450,28620.0,28680.0,60.0,4,648.4676923076923,648.4676923076923,1,1,800.0,800.0,800.0,48000.0,0.0,0,0,0
451,28680.0,28740.0,60.0,4,645.703125,645.703125,1,1,800.0,800.0,800.0,48000.0,0.0,0,0,0
452,28740.0,28800.0,60.0,4,642.8507936507937,642.8507936507937,1,1,800.0,800.0,800.0,48000.0,0.0,0,0,0
453,28800.0,28860.0,60.0,4,639.9064516129032,639.9064516129032,1,1,800.0,800.0,800.0,48000.0,0.0,0,0,0
454,28860.0,28920.0,60.0,4,636.8655737704918,636.8655737704918,1,1,800.0,800.0,800.0,48000.0,0.0,0,0,0
455,28920.0,28980.0,60.0,4,633.7233333333334,633.7233333333334,1,1,800.0,800.0,800.0,48000.0,0.0,0,0,0
456,28980.0,29040.0,60.0,4,630.4745762711865,630.4745762711865,1,1,800.0,800.0,800.0,48000.0,0.0,0,0,0
457,29040.0,29071.33,31.330000000001746,4,627.1137931034483,627.1137931034483,1,1,800.0,800.0,800.0,25064.0000000014,0.0,0,0,0
458,29071.33,29100.0,28.669999999998254,4,625.3124300092499,625.3124300092499,1,0,0.0,0.0,0,0.0,625.3124300092499,1,1,1
459,29100.0,29160.0,60.0,4,625.6009108187134,625.6009108187134,1,0,0.0,0.0,0,0.0,625.6009108187134,1,1,1
460,29160.0,29220.0,60.0,3,425.92056994047607,425.92056994047607,1,0,0.0,0.0,0,0.0,425.92056994047607,1,1,1
461,29220.0,29280.0,60.0,3,426.562762121212,426.562762121212,1,0,0.0,0.0,0,0.0,426.562762121212,1,1,1
462,29280.0,29340.0,60.0,3,427.22873919753073,427.22873919753073,1,0,0.0,0.0,0,0.0,427.22873919753073,1,1,1
463,29340.0,29400.0,60.0,3,427.9198474842766,427.9198474842766,1,0,0.0,0.0,0,0.0,427.9198474842766,1,1,1
464,29400.0,29460.0,60.0,3,428.6375368589742,428.6375368589742,1,0,0.0,0.0,0,0.0,428.6375368589742,1,1,1
465,29460.0,29462.134,2.1339999999981956,3,429.3833709150325,429.3833709150325,1,0,0.0,0.0,0,0.0,429.3833709150325,1,1,1
466,29462.134,29580.0,117.8660000000018,3,429.4104367555673,429.4104367555673,1,1,800.0,800.0,625.0999999999999,73678.03660000113,0.0,0,0,0
467,29580.0,29640.0,60.0,3,421.5651489795915,421.5651489795915,1,1,800.0,800.0,625.0999999999999,37506.0,0.0,0,0,0
468,29640.0,29700.0,60.0,3,417.324839583333,417.324839583333,1,1,800.0,800.0,625.0999999999999,37506.0,0.0,0,0,0
469,29700.0,29760.0,60.0,4,579.6040914893614,579.6040914893614,1,1,800.0,800.0,800.0,48000.0,0.0,0,0,0
470,29760.0,29880.0,120.0,4,572.212803623188,572.212803623188,1,1,800.0,800.0,800.0,96000.0,0.0,0,0,0
471,29880.0,29940.0,60.0,4,556.5137748432599,556.5137748432599,1,1,800.0,800.0,800.0,48000.0,0.0,0,0,0
472,29940.0,30000.0,60.0,4,548.1666915952669,548.1666915952669,1,1,800.0,800.0,800.0,48000.0,0.0,0,0,0
473,30000.0,30060.0,60.0,3,542.4160714285714,542.4160714285714,1,1,800.0,800.0,724.0,43440.0,0.0,0,0,0
474,30060.0,30096.329,36.32900000000154,3,539.1145454545455,539.1145454545455,1,1,800.0,800.0,724.0,26302.196000001117,0.0,0,0,0
475,30096.329,30120.0,23.670999999998457,3,537.0565243861895,537.0565243861895,1,2,1600.0,1600.0,724.0,17095.182885870257,0.0,0,0,0
476,30120.0,30180.0,60.0,2,306.99074074074076,306.99074074074076,1,2,1600.0,1600.0,657.2,39432.0,0.0,0,0,0
477,30180.0,30240.0,60.0,2,300.9080483490566,300.9080483490566,1,2,1600.0,1600.0,657.2,39432.0,0.0,0,0,0
478,30240.0,30300.0,60.0,2,294.6083943833944,294.6083943833944,1,2,1600.0,1600.0,657.2,39432.0,0.0,0,0,0
479,30300.0,30360.0,60.0,3,480.87985452245414,480.87985452245414,1,2,1600.0,1600.0,1042.8000000000002,62568.0,0.0,0,0,0
480,30360.0,30420.0,60.0,3,470.17491267982604,470.17491267982604,1,2,1600.0,1600.0,1042.8000000000002,62568.0,0.0,0,0,0
481,30420.0,30480.0,60.0,3,459.05051020408166,459.05051020408166,1,2,1600.0,1600.0,1042.8000000000002,62568.0,0.0,0,0,0
482,30480.0,30540.0,60.0,3,447.4812935749489,447.4812935749489,1,2,1600.0,1600.0,1042.8000000000002,62568.0,0.0,0,0,0
483,30540.0,30600.0,60.0,3,435.43980828734567,435.43980828734567,1,2,1600.0,1600.0,1042.8000000000002,62568.0,0.0,0,0,0
484,30600.0,30660.0,60.0,3,422.89627510805997,422.89627510805997,1,2,1600.0,1600.0,1042.8000000000002,62568.0,0.0,0,0,0
485,30660.0,30720.0,60.0,3,409.81833694083696,409.81833694083696,1,2,1600.0,1600.0,1042.8000000000002,62568.0,0.0,0,0,0
486,30720.0,30840.0,120.0,4,538.4707716701903,538.4707716701903,1,2,1600.0,1600.0,1313.2,157584.0,0.0,0,0,0
487,30840.0,30900.0,60.0,4,504.8922988656878,504.8922988656878,1,2,1600.0,1600.0,1313.2,78792.0,0.0,0,0,0
488,30900.0,30960.0,60.0,5,623.7658215661104,623.7658215661104,1,2,1600.0,1600.0,1457.2,87432.0,0.0,0,0,0
489,30960.0,31020.0,60.0,5,605.3209469941822,605.3209469941822,1,2,1600.0,1600.0,1456.0,87360.0,0.0,0,0,0
490,31020.0,31140.0,120.0,5,585.6006957268513,585.6006957268513,1,2,1600.0,1600.0,1457.2,174864.0,0.0,0,0,0
491,31140.0,31200.0,60.0,5,544.092926055808,544.092926055808,1,2,1600.0,1600.0,1456.0,87360.0,0.0,0,0,0
492,31200.0,31260.0,60.0,5,521.3048577899642,521.3048577899642,1,2,1600.0,1600.0,1457.2,87432.0,0.0,0,0,0
493,31260.0,31320.0,60.0,5,497.7888771160638,497.7888771160638,1,2,1600.0,1600.0,1457.2,87432.0,0.0,0,0,0
494,31320.0,31380.0,60.0,6,627.2091330585264,627.2091330585264,1,2,1600.0,1600.0,1600.0,96000.0,0.0,0,0,0
495,31380.0,31440.0,60.0,6,600.9896533360819,600.9896533360819,1,2,1600.0,1600.0,1600.0,96000.0,0.0,0,0,0
496,31440.0,31500.0,60.0,6,573.2704387918914,573.2704387918914,1,2,1600.0,1600.0,1600.0,96000.0,0.0,0,0,0
497,31500.0,31560.0,60.0,7,668.4098553353215,668.4098553353215,1,2,1600.0,1600.0,1600.0,96000.0,0.0,0,0,0
498,31560.0,31620.0,60.0,6,641.0391945823303,641.0391945823303,1,2,1600.0,1600.0,1600.0,96000.0,0.0,0,0,0
499,31620.0,31680.0,60.0,6,616.228337793092,616.228337793092,1,2,1600.0,1600.0,1600.0,96000.0,0.0,0,0,0
500,31680.0,31740.0,60.0,6,589.779869537505,589.779869537505,1,2,1600.0,1600.0,1600.0,96000.0,0.0,0,0,0
501,31740.0,31800.0,60.0,6,561.7239760851144,561.7239760851144,1,2,1600.0,1600.0,1600.0,96000.0,0.0,0,0,0
502,31800.0,31860.0,60.0,5,531.897425559298,531.897425559298,1,2,1600.0,1600.0,1312.7,78762.0,0.0,0,0,0
503,31860.0,31920.0,60.0,5,514.3940949157969,514.3940949157969,1,2,1600.0,1600.0,1312.7,78762.0,0.0,0,0,0
504,31920.0,31980.0,60.0,6,612.344692686816,612.344692686816,1,2,1600.0,1600.0,1400.0,84000.0,0.0,0,0,0
505,31980.0,32100.0,120.0,6,593.4095018140564,593.4095018140564,1,2,1600.0,1600.0,1511.95,181434.0,0.0,0,0,0
506,32100.0,32160.0,60.0,6,658.5579611602329,658.5579611602329,1,2,1600.0,1600.0,1462.6,87756.0,0.0,0,0,0
507,32160.0,32220.0,60.0,6,642.3556134862504,642.3556134862504,1,2,1600.0,1600.0,1462.6,87756.0,0.0,0,0,0
508,32220.0,32340.0,120.0,6,625.429911442838,625.429911442838,1,2,1600.0,1600.0,1462.6,175512.0,0.0,0,0,0
509,32340.0,32400.0,60.0,6,589.1911969743132,589.1911969743132,1,2,1600.0,1600.0,1462.6,87756.0,0.0,0,0,0
510,32400.0,32460.0,60.0,6,569.7548874151545,569.7548874151545,1,2,1600.0,1600.0,1462.6,87756.0,0.0,0,0,0
511,32460.0,32520.0,60.0,6,549.3469384515822,549.3469384515822,1,2,1600.0,1600.0,1462.6,87756.0,0.0,0,0,0
512,32520.0,32580.0,60.0,7,621.2869534632035,621.2869534632035,1,2,1600.0,1600.0,1538.8,92328.0,0.0,0,0,0
513,32580.0,32640.0,60.0,7,598.9026403630999,598.9026403630999,1,2,1600.0,1600.0,1538.8,92328.0,0.0,0,0,0
514,32640.0,32700.0,60.0,7,575.280691109525,575.280691109525,1,2,1600.0,1600.0,1538.8,92328.0,0.0,0,0,0
515,32700.0,32760.0,60.0,8,687.1071467117819,687.1071467117819,1,2,1600.0,1600.0,1600.0,96000.0,0.0,0,0,0
516,32760.0,32820.0,60.0,8,662.6601131479572,662.6601131479572,1,2,1600.0,1600.0,1600.0,96000.0,0.0,0,0,0
517,32820.0,32880.0,60.0,8,636.6677039147988,636.6677039147988,1,2,1600.0,1600.0,1600.0,96000.0,0.0,0,0,0
518,32880.0,32940.0,60.0,8,608.9321673154528,608.9321673154528,1,2,1600.0,1600.0,1600.0,96000.0,0.0,0,0,0
519,32940.0,33000.0,60.0,7,579.5686032231634,579.5686032231634,1,2,1600.0,1600.0,1534.7,92082.0,0.0,0,0,0
520,33000.0,33060.0,60.0,7,556.6365247715248,556.6365247715248,1,2,1600.0,1600.0,1575.9,94554.0,0.0,0,0,0
521,33060.0,33120.0,60.0,7,532.0363136853158,532.0363136853158,1,2,1600.0,1600.0,1489.9,89394.0,0.0,0,0,0
522,33120.0,33180.0,60.0,7,629.2923976261229,629.2923976261229,1,2,1600.0,1600.0,1473.6,88416.0,0.0,0,0,0
523,33180.0,33240.0,60.0,7,613.3935098441609,613.3935098441609,1,2,1600.0,1600.0,1542.8,92568.0,0.0,0,0,0
524,33240.0,33300.0,60.0,7,595.7703967056908,595.7703967056908,1,2,1600.0,1600.0,1542.8,92568.0,0.0,0,0,0
525,33300.0,33360.0,60.0,7,577.3403158140384,577.3403158140384,1,2,1600.0,1600.0,1493.4,89604.0,0.0,0,0,0
526,33360.0,33420.0,60.0,6,559.684950831274,559.684950831274,1,2,1600.0,1600.0,1307.5,78450.0,0.0,0,0,0
527,33420.0,33480.0,60.0,6,547.9549221017078,547.9549221017078,1,2,1600.0,1600.0,1303.6,78216.0,0.0,0,0,0
528,33480.0,33600.0,120.0,6,535.88227641115,535.88227641115,1,2,1600.0,1600.0,1303.6,156432.0,0.0,0,0,0
529,33600.0,33660.0,60.0,6,510.4402340290955,510.4402340290955,1,2,1600.0,1600.0,1303.6,78216.0,0.0,0,0,0
530,33660.0,33720.0,60.0,6,497.02036651674536,497.02036651674536,1,2,1600.0,1600.0,1303.6,78216.0,0.0,0,0,0
531,33720.0,33780.0,60.0,6,483.0974494595719,483.0974494595719,1,2,1600.0,1600.0,1303.6,78216.0,0.0,0,0,0
532,33780.0,33840.0,60.0,6,468.640643051174,468.640643051174,1,2,1600.0,1600.0,1303.6,78216.0,0.0,0,0,0
533,33840.0,33900.0,60.0,6,453.616404246027,453.616404246027,1,2,1600.0,1600.0,1303.6,78216.0,0.0,0,0,0
534,33900.0,33960.0,60.0,6,437.9881734226187,437.9881734226187,1,2,1600.0,1600.0,1303.6,78216.0,0.0,0,0,0
535,33960.0,34020.0,60.0,6,421.71601538229703,421.71601538229703,1,2,1600.0,1600.0,1303.6,78216.0,0.0,0,0,0
536,34020.0,34080.0,60.0,6,404.75620660041716,404.75620660041716,1,2,1600.0,1600.0,1303.6,78216.0,0.0,0,0,0
537,34080.0,34140.0,60.0,6,387.0607589505126,387.0607589505126,1,2,1600.0,1600.0,1157.8000000000002,69468.0,0.0,0,0,0
538,34140.0,34161.892,21.891999999999825,5,372.6268680122606,372.6268680122606,1,2,1600.0,1600.0,1067.1,23360.953199999814,0.0,0,0,0
539,34161.892,34200.0,38.108000000000175,5,368.13812305639595,368.13812305639595,1,3,2400.0,2400.0,1071.0,40813.66800000018,0.0,0,0,0
540,34200.0,34260.0,60.0,5,360.1214935767373,360.1214935767373,1,3,2400.0,2400.0,1071.0,64260.0,0.0,0,0,0
541,34260.0,34320.0,60.0,5,347.07945988842107,347.07945988842107,1,3,2400.0,2400.0,1071.0,64260.0,0.0,0,0,0
542,34320.0,34380.0,60.0,5,333.4926372345241,333.4926372345241,1,3,2400.0,2400.0,1071.0,64260.0,0.0,0,0,0
543,34380.0,34440.0,60.0,5,319.3225038200857,319.3225038200857,1,3,2400.0,2400.0,1071.0,64260.0,0.0,0,0,0
544,34440.0,34500.0,60.0,5,304.52650574530514,304.52650574530514,1,3,2400.0,2400.0,1071.0,64260.0,0.0,0,0,0
545,34500.0,34620.0,120.0,5,289.0574814517763,289.0574814517763,1,3,2400.0,2400.0,1071.0,128520.0,0.0,0,0,0
546,34620.0,34680.0,60.0,5,255.8844502654947,255.8844502654947,1,3,2400.0,2400.0,1071.0,64260.0,0.0,0,0,0
547,34680.0,34740.0,60.0,5,238.05626627996384,238.05626627996384,1,3,2400.0,2400.0,991.7,59502.0,0.0,0,0,0
548,34740.0,34860.0,120.0,4,222.24159251993174,222.24159251993174,1,3,2400.0,2400.0,877.5,105300.0,0.0,0,0,0
549,34860.0,34920.0,60.0,4,197.33695012947908,197.33695012947908,1,3,2400.0,2400.0,877.5,52650.0,0.0,0,0,0
550,34920.0,34980.0,60.0,4,184.10521735714286,184.10521735714286,1,3,2400.0,2400.0,877.5,52650.0,0.0,0,0,0
551,34980.0,35037.96,57.95999999999913,4,170.30677490571767,170.30677490571767,1,3,2400.0,2400.0,830.3355900621143,48126.25079999943,0.0,0,0,0
552,35037.96,35040.0,2.040000000000873,3,157.60008079070482,157.60008079070482,1,2,1600.0,1600.0,668.2,1363.1280000005836,0.0,0,0,0
553,35040.0,35100.0,60.0,3,157.28824472909892,157.28824472909892,1,2,1600.0,1600.0,668.2,40092.0,0.0,0,0,0
554,35100.0,35160.0,60.0,3,147.92779922779923,147.92779922779923,1,2,1600.0,1600.0,668.2,40092.0,0.0,0,0,0
555,35160.0,35220.0,60.0,3,138.18573941916938,138.18573941916938,1,2,1600.0,1600.0,668.2,40092.0,0.0,0,0,0
556,35220.0,35280.0,60.0,3,128.036026272578,128.036026272578,1,2,1600.0,1600.0,668.2,40092.0,0.0,0,0,0
557,35280.0,35340.0,60.0,3,117.45,117.45,1,2,1600.0,1600.0,668.2,40092.0,0.0,0,0,0
558,35340.0,35400.0,60.0,3,106.39602087410307,106.39602087410307,1,2,1600.0,1600.0,668.2,40092.0,0.0,0,0,0
559,35400.0,35429.751,29.750999999996566,3,94.83904671717171,94.83904671717171,1,2,1600.0,1600.0,668.2,19879.618199997705,0.0,0,0,0
560,35429.751,35460.0,30.249000000003434,3,88.9101325054981,88.9101325054981,1,3,2400.0,2400.0,668.2,20212.381800002295,0.0,0,0,0
561,35460.0,35520.0,60.0,3,82.7401332727548,82.7401332727548,1,3,2400.0,2400.0,568.7,34122.0,0.0,0,0,0
562,35520.0,35580.0,60.0,2,73.37250673854447,73.37250673854447,1,3,2400.0,2400.0,500.1,30006.0,0.0,0,0,0
563,35580.0,35640.0,60.0,2,65.96510590858418,65.96510590858418,1,3,2400.0,2400.0,500.1,30006.0,0.0,0,0,0
564,35640.0,35670.972,30.97200000000157,2,58.29117647058824,58.29117647058824,1,3,2400.0,2400.0,500.1,15489.097200000786,0.0,0,0,0
565,35670.972,35700.0,29.02799999999843,2,54.22074773389611,54.22074773389611,1,2,1600.0,1600.0,500.1,14516.902799999214,0.0,0,0,0
566,35700.0,35760.0,60.0,1,50.33582089552239,50.33582089552239,1,2,1600.0,1600.0,226.5,13590.0,0.0,0,0,0
567,35760.0,35880.0,120.0,1,47.666666666666664,47.666666666666664,1,2,1600.0,1600.0,226.5,27180.0,0.0,0,0,0
568,35880.0,35940.0,60.0,1,42.078125,42.078125,1,2,1600.0,1600.0,226.5,13590.0,0.0,0,0,0
569,35940.0,36000.0,60.0,1,39.15079365079365,39.15079365079365,1,2,1600.0,1600.0,226.5,13590.0,0.0,0,0,0
570,36000.0,36120.0,120.0,1,36.12903225806452,36.12903225806452,1,2,1600.0,1600.0,226.5,27180.0,0.0,0,0,0
571,36120.0,36180.0,60.0,1,29.783333333333335,29.783333333333335,1,2,1600.0,1600.0,226.5,13590.0,0.0,0,0,0
572,36180.0,36240.0,60.0,1,26.449152542372882,26.449152542372882,1,2,1600.0,1600.0,226.5,13590.0,0.0,0,0,0
573,36240.0,36300.0,60.0,1,23.0,23.0,1,2,1600.0,1600.0,226.5,13590.0,0.0,0,0,0
574,36300.0,36360.0,60.0,2,127.4298245614035,127.4298245614035,1,2,1600.0,1600.0,442.5,26550.0,0.0,0,0,0
575,36360.0,36420.0,60.0,2,122.64123376623377,122.64123376623377,1,2,1600.0,1600.0,442.5,26550.0,0.0,0,0,0
576,36420.0,36480.0,60.0,2,117.69591836734695,117.69591836734695,1,2,1600.0,1600.0,442.5,26550.0,0.0,0,0,0
577,36480.0,36540.0,60.0,2,112.58571974035891,112.58571974035891,1,2,1600.0,1600.0,442.5,26550.0,0.0,0,0,0
578,36540.0,36600.0,60.0,2,107.30188679245283,107.30188679245283,1,2,1600.0,1600.0,417.5,25050.0,0.0,0,0,0
579,36600.0,36660.0,60.0,1,102.3157894736842,102.3157894736842,1,2,1600.0,1600.0,216.0,12960.0,0.0,0,0,0
580,36660.0,36720.0,60.0,1,101.1063829787234,101.1063829787234,1,2,1600.0,1600.0,216.0,12960.0,0.0,0,0,0
581,36720.0,36780.0,60.0,2,204.8709677419355,204.8709677419355,1,2,1600.0,1600.0,394.8,23688.0,0.0,0,0,0
582,36780.0,36840.0,60.0,2,202.76041979010495,202.76041979010495,1,2,1600.0,1600.0,394.8,23688.0,0.0,0,0,0
583,36840.0,36900.0,60.0,2,200.60240224891388,200.60240224891388,1,2,1600.0,1600.0,394.8,23688.0,0.0,0,0,0
584,36900.0,36960.0,60.0,3,329.99529411764706,329.99529411764706,1,2,1600.0,1600.0,658.0,39480.0,0.0,0,0,0
585,36960.0,37020.0,60.0,3,325.5440663456394,325.5440663456394,1,2,1600.0,1600.0,658.0,39480.0,0.0,0,0,0
586,37020.0,37140.0,120.0,4,412.7659271910446,412.7659271910446,1,2,1600.0,1600.0,823.2,98784.0,0.0,0,0,0
587,37140.0,37200.0,60.0,4,401.5375573359049,401.5375573359049,1,2,1600.0,1600.0,823.2,49392.0,0.0,0,0,0
588,37200.0,37260.0,60.0,4,395.68014198782964,395.68014198782964,1,2,1600.0,1600.0,823.2,49392.0,0.0,0,0,0
589,37260.0,37320.0,60.0,4,389.6506593671269,389.6506593671269,1,2,1600.0,1600.0,823.2,49392.0,0.0,0,0,0
590,37320.0,37380.0,60.0,5,511.2410732926679,511.2410732926679,1,2,1600.0,1600.0,1078.8000000000002,64728.0,0.0,0,0,0
591,37380.0,37440.0,60.0,5,502.8459426977188,502.8459426977188,1,2,1600.0,1600.0,1078.8000000000002,64728.0,0.0,0,0,0
592,37440.0,37500.0,60.0,5,494.18960770787027,494.18960770787027,1,2,1600.0,1600.0,1078.8000000000002,64728.0,0.0,0,0,0
593,37500.0,37560.0,60.0,7,735.7592318538746,735.7592318538746,1,2,1600.0,1600.0,1499.1999999999998,89952.0,0.0,0,0,0
594,37560.0,37620.0,60.0,7,723.1887921144737,723.1887921144737,1,2,1600.0,1600.0,1499.1999999999998,89952.0,0.0,0,0,0
595,37620.0,37680.0,60.0,7,710.1796091123488,710.1796091123488,1,2,1600.0,1600.0,1499.1999999999998,89952.0,0.0,0,0,0
596,37680.0,37740.0,60.0,7,696.7073917694081,696.7073917694081,1,2,1600.0,1600.0,1499.1999999999998,89952.0,0.0,0,0,0
597,37740.0,37800.0,60.0,7,682.7459605687833,682.7459605687833,1,2,1600.0,1600.0,1499.1999999999998,89952.0,0.0,0,0,0
598,37800.0,37860.0,60.0,7,668.2670552534169,668.2670552534169,1,2,1600.0,1600.0,1499.1999999999998,89952.0,0.0,0,0,0
599,37860.0,37920.0,60.0,7,653.2401180206328,653.2401180206328,1,2,1600.0,1600.0,1499.1999999999998,89952.0,0.0,0,0,0
600,37920.0,37980.0,60.0,8,749.932048429879,749.932048429879,1,2,1600.0,1600.0,1578.7999999999997,94728.0,0.0,0,0,0
601,37980.0,38040.0,60.0,8,733.84171457635,733.84171457635,1,2,1600.0,1600.0,1578.7999999999997,94728.0,0.0,0,0,0
602,38040.0,38100.0,60.0,8,717.0879705719602,717.0879705719602,1,2,1600.0,1600.0,1578.7999999999997,94728.0,0.0,0,0,0
603,38100.0,38160.0,60.0,9,807.6273602157363,807.6273602157363,2,2,1600.0,1600.0,1600.0,96000.0,0.0,0,0,0
604,38160.0,38220.0,60.0,9,790.7903305048172,790.7903305048172,1,2,1600.0,1600.0,1600.0,96000.0,0.0,0,0,0
605,38220.0,38280.0,60.0,9,773.1914491293843,773.1914491293843,1,2,1600.0,1600.0,1600.0,96000.0,0.0,0,0,0
606,38280.0,38340.0,60.0,9,754.7759038263051,754.7759038263051,1,2,1600.0,1600.0,1600.0,96000.0,0.0,0,0,0
607,38340.0,38400.0,60.0,9,735.5419556809089,735.5419556809089,1,2,1600.0,1600.0,1600.0,96000.0,0.0,0,0,0
608,38400.0,38460.0,60.0,9,715.3681336810045,715.3681336810045,1,2,1600.0,1600.0,1600.0,96000.0,0.0,0,0,0
609,38460.0,38520.0,60.0,9,694.1809374536773,694.1809374536773,1,2,1600.0,1600.0,1600.0,96000.0,0.0,0,0,0
610,38520.0,38640.0,120.0,10,793.6987446436254,793.6987446436254,1,2,1600.0,1600.0,1600.0,192000.0,0.0,0,0,0
611,38640.0,38700.0,60.0,10,750.0152254435786,750.0152254435786,1,2,1600.0,1600.0,1600.0,96000.0,0.0,0,0,0
612,38700.0,38760.0,60.0,11,811.1608240749803,811.1608240749803,2,2,1600.0,1600.0,1600.0,96000.0,0.0,0,0,0
613,38760.0,38820.0,60.0,10,789.1706798668322,789.1706798668322,1,2,1600.0,1600.0,1600.0,96000.0,0.0,0,0,0
614,38820.0,38880.0,60.0,10,767.619663615624,767.619663615624,1,2,1600.0,1600.0,1600.0,96000.0,0.0,0,0,0
615,38880.0,38940.0,60.0,10,745.3086939295545,745.3086939295545,1,2,1600.0,1600.0,1600.0,96000.0,0.0,0,0,0
616,38940.0,39000.0,60.0,10,720.9300222567933,720.9300222567933,1,2,1600.0,1600.0,1600.0,96000.0,0.0,0,0,0
617,39000.0,39060.0,60.0,9,695.9288426622256,695.9288426622256,1,2,1600.0,1600.0,1600.0,96000.0,0.0,0,0,0
618,39060.0,39120.0,60.0,9,675.5375441217034,675.5375441217034,1,2,1600.0,1600.0,1600.0,96000.0,0.0,0,0,0
619,39120.0,39180.0,60.0,9,654.4113231625555,654.4113231625555,1,2,1600.0,1600.0,1600.0,96000.0,0.0,0,0,0
620,39180.0,39240.0,60.0,9,632.2720623947665,632.2720623947665,1,2,1600.0,1600.0,1600.0,96000.0,0.0,0,0,0
621,39240.0,39300.0,60.0,9,609.0429417809204,609.0429417809204,1,2,1600.0,1600.0,1565.2,93912.0,0.0,0,0,0
622,39300.0,39360.0,60.0,7,586.7153754450032,586.7153754450032,1,2,1600.0,1600.0,1333.6,80016.0,0.0,0,0,0
623,39360.0,39420.0,60.0,7,569.9245830545078,569.9245830545078,1,2,1600.0,1600.0,1333.6,80016.0,0.0,0,0,0
624,39420.0,39480.0,60.0,7,552.343979869362,552.343979869362,1,2,1600.0,1600.0,1333.6,80016.0,0.0,0,0,0
625,39480.0,39540.0,60.0,7,533.9151763925278,533.9151763925278,1,2,1600.0,1600.0,1333.6,80016.0,0.0,0,0,0
626,39540.0,39600.0,60.0,7,514.5737455111716,514.5737455111716,1,2,1600.0,1600.0,1333.6,80016.0,0.0,0,0,0
627,39600.0,39660.0,60.0,7,494.24840322548,494.24840322548,1,2,1600.0,1600.0,1333.6,80016.0,0.0,0,0,0
628,39660.0,39720.0,60.0,7,472.86004926816986,472.86004926816986,1,2,1600.0,1600.0,1333.6,80016.0,0.0,0,0,0
629,39720.0,39780.0,60.0,8,545.6309830804888,545.6309830804888,1,2,1600.0,1600.0,1466.3,87978.0,0.0,0,0,0
630,39780.0,39848.604,68.60399999999936,8,521.1862305696407,521.1862305696407,1,2,1600.0,1600.0,1466.3,100594.04519999908,0.0,0,0,0
631,39848.604,39900.0,51.39600000000064,8,491.5342489203434,491.5342489203434,1,1,800.0,800.0,800.0,41116.80000000051,0.0,0,0,0
632,39900.0,39960.0,60.0,8,482.8412309683238,482.8412309683238,1,1,800.0,800.0,800.0,48000.0,0.0,0,0,0
633,39960.0,40020.0,60.0,8,472.09430115283146,472.09430115283146,1,1,800.0,800.0,800.0,48000.0,0.0,0,0,0
634,40020.0,40080.0,60.0,8,460.66126144676895,460.66126144676895,1,1,800.0,800.0,800.0,48000.0,0.0,0,0,0
635,40080.0,40140.0,60.0,8,448.45872915206166,448.45872915206166,1,1,800.0,800.0,800.0,48000.0,0.0,0,0,0
636,40140.0,40200.0,60.0,8,433.75265173732635,433.75265173732635,1,1,800.0,800.0,800.0,48000.0,0.0,0,0,0
637,40200.0,40260.0,60.0,8,419.6296043039233,419.6296043039233,1,1,800.0,800.0,800.0000000000001,48000.0,0.0,0,0,0
638,40260.0,40320.0,60.0,8,402.4997513195427,402.4997513195427,1,1,800.0,800.0,800.0,48000.0,0.0,0,0,0
639,40320.0,40380.0,60.0,8,385.95090074083294,385.95090074083294,1,1,800.0,800.0,800.0000000000001,48000.0,0.0,0,0,0
640,40380.0,40440.0,60.0,8,365.7522027668931,365.7522027668931,1,1,800.0,800.0,800.0,48000.0,0.0,0,0,0
641,40440.0,40500.0,60.0,5,345.7304808214368,345.7304808214368,1,1,800.0,800.0,664.7,39882.0,0.0,0,0,0
642,40500.0,40560.0,60.0,4,335.63231247696496,335.63231247696496,1,1,800.0,800.0,546.0999999999999,32766.0,0.0,0,0,0
643,40560.0,40620.0,60.0,3,329.14506371554273,329.14506371554273,1,1,800.0,800.0,450.7,27042.0,0.0,0,0,0
644,40620.0,40680.0,60.0,3,325.6433100608231,325.6433100608231,1,1,800.0,800.0,450.7,27042.0,0.0,0,0,0
645,40680.0,40740.0,60.0,3,321.928983820759,321.928983820759,1,1,800.0,800.0,450.7,27042.0,0.0,0,0,0
646,40740.0,40800.0,60.0,3,317.9816590620588,317.9816590620588,1,1,800.0,800.0,450.7,27042.0,0.0,0,0,0
647,40800.0,40860.0,60.0,3,313.7781460555558,313.7781460555558,1,1,800.0,800.0,450.7,27042.0,0.0,0,0,0
648,40860.0,40920.0,60.0,3,309.29199752380975,309.29199752380975,1,1,800.0,800.0,450.7,27042.0,0.0,0,0,0
649,40920.0,40980.0,60.0,3,304.4929031195049,304.4929031195049,1,1,800.0,800.0,450.7,27042.0,0.0,0,0,0
650,40980.0,41040.0,60.0,3,299.34594098280127,299.34594098280127,1,1,800.0,800.0,450.7,27042.0,0.0,0,0,0
651,41040.0,41116.783,76.78300000000309,3,293.8106447584544,293.8106447584544,1,1,800.0,800.0,450.7,34606.098100001385,0.0,0,0,0
652,41116.783,41160.0,43.216999999996915,3,286.08444010979036,286.08444010979036,1,0,0.0,0.0,0,0.0,286.08444010979036,1,1,1
653,41160.0,41220.0,60.0,3,293.5241971106437,293.5241971106437,1,0,0.0,0.0,0,0.0,293.5241971106437,1,1,1
654,41220.0,41280.0,60.0,3,304.5512175534651,304.5512175534651,1,0,0.0,0.0,0,0.0,304.5512175534651,1,1,1
655,41280.0,41340.0,60.0,3,316.48500202028447,316.48500202028447,1,0,0.0,0.0,0,0.0,316.48500202028447,1,1,1
656,41340.0,41400.0,60.0,3,329.4490517303857,329.4490517303857,1,0,0.0,0.0,0,0.0,329.4490517303857,1,1,1
657,41400.0,41460.0,60.0,3,343.5917436578676,343.5917436578676,1,0,0.0,0.0,0,0.0,343.5917436578676,1,1,1
658,41460.0,41520.0,60.0,3,359.0932756028729,359.0932756028729,1,0,0.0,0.0,0,0.0,359.0932756028729,1,1,1
659,41520.0,41580.0,60.0,3,375.06259633333275,375.06259633333275,1,0,0.0,0.0,0,0.0,375.06259633333275,1,1,1
660,41580.0,41640.0,60.0,3,389.045039813664,389.045039813664,1,0,0.0,0.0,0,0.0,389.045039813664,1,1,1
661,41640.0,41700.0,60.0,3,404.85269566433504,404.85269566433504,1,0,0.0,0.0,0,0.0,404.85269566433504,1,1,1
662,41700.0,41760.0,60.0,3,422.89142499999934,422.89142499999934,1,0,0.0,0.0,0,0.0,422.89142499999934,1,1,1
663,41760.0,41820.0,60.0,3,440.83238866666636,440.83238866666636,1,0,0.0,0.0,0,0.0,440.83238866666636,1,1,1
664,41820.0,41880.0,60.0,3,448.3551459649119,448.3551459649119,1,0,0.0,0.0,0,0.0,448.3551459649119,1,1,1
665,41880.0,41940.0,60.0,3,450.7,450.7,1,0,0.0,0.0,0,0.0,450.7,1,1,1
666,41940.0,42000.0,60.0,3,450.7,450.7,1,0,0.0,0.0,0,0.0,450.7,1,1,1
667,42000.0,42060.0,60.0,3,450.7,450.7,1,0,0.0,0.0,0,0.0,450.7,1,1,1
668,42060.0,42120.0,60.0,3,450.7,450.7,1,0,0.0,0.0,0,0.0,450.7,1,1,1
669,42120.0,42180.0,60.0,3,450.7,450.7,1,0,0.0,0.0,0,0.0,450.7,1,1,1
670,42180.0,42240.0,60.0,3,450.7,450.7,1,0,0.0,0.0,0,0.0,450.7,1,1,1
671,42240.0,42300.0,60.0,3,450.7,450.7,1,0,0.0,0.0,0,0.0,450.7,1,1,1
672,42300.0,42360.0,60.0,3,450.7,450.7,1,0,0.0,0.0,0,0.0,450.7,1,1,1
673,42360.0,42420.0,60.0,3,450.7,450.7,1,0,0.0,0.0,0,0.0,450.7,1,1,1
674,42420.0,42480.0,60.0,2,285.5,285.5,1,0,0.0,0.0,0,0.0,285.5,1,1,1
675,42480.0,42540.0,60.0,2,285.5,285.5,1,0,0.0,0.0,0,0.0,285.5,1,1,1
676,42540.0,42600.0,60.0,2,285.5,285.5,1,0,0.0,0.0,0,0.0,285.5,1,1,1
677,42600.0,42660.0,60.0,2,285.5,285.5,1,0,0.0,0.0,0,0.0,285.5,1,1,1
678,42660.0,42720.0,60.0,2,285.5,285.5,1,0,0.0,0.0,0,0.0,285.5,1,1,1
679,42720.0,42780.0,60.0,2,285.5,285.5,1,0,0.0,0.0,0,0.0,285.5,1,1,1
680,42780.0,42840.0,60.0,2,285.5,285.5,1,0,0.0,0.0,0,0.0,285.5,1,1,1
681,42840.0,42900.0,60.0,2,285.5,285.5,1,0,0.0,0.0,0,0.0,285.5,1,1,1
682,42900.0,42960.0,60.0,2,285.5,285.5,1,0,0.0,0.0,0,0.0,285.5,1,1,1
683,42960.0,43020.0,60.0,1,132.7,132.7,1,0,0.0,0.0,0,0.0,132.7,1,1,1
684,43020.0,43140.0,120.0,1,132.7,132.7,1,0,0.0,0.0,0,0.0,132.7,1,1,1
685,43140.0,43200.0,60.0,1,132.7,132.7,1,0,0.0,0.0,0,0.0,132.7,1,1,1
